content_id,director_id
s1,2531
s3,2321
s6,3160
s7,3913
s7,2288
s8,1645
s9,335
s10,4578
s12,2542
s13,873
s14,695
s17,3576
s17,3469
s19,65
s21,3432
s23,2369
s24,190
s24,4360
s25,4035
s27,3748
s28,1167
s29,4177
s30,3919
s31,454
s31,35
s31,4062
s36,1025
s37,961
s39,1549
s42,4421
s43,1979
s44,2090
s45,2263
s46,4721
s47,1006
s48,706
s49,390
s52,4690
s53,4690
s54,4690
s55,4690
s57,2957
s58,1647
s59,2957
s60,1647
s61,2957
s62,1741
s63,4693
s64,4562
s65,1135
s69,1669
s69,4756
s69,3123
s72,1059
s74,2447
s76,552
s78,3670
s79,1159
s80,1159
s81,4667
s82,762
s85,1837
s85,1476
s87,4589
s89,2862
s91,222
s92,3213
s92,3520
s94,200
s95,3736
s97,4388
s102,782
s102,2771
s103,1921
s104,4917
s106,2678
s108,1138
s111,2739
s111,1945
s113,4132
s114,4386
s115,3721
s116,1907
s117,3261
s118,2751
s119,4238
s120,1838
s123,1907
s127,4781
s128,2920
s129,1568
s130,2606
s131,4174
s132,3874
s134,3312
s135,3642
s136,3819
s137,382
s138,4310
s139,2606
s140,4347
s141,4194
s142,4414
s143,3853
s144,2936
s145,3808
s146,1546
s146,1227
s147,1324
s149,1557
s150,3094
s151,3109
s152,312
s152,139
s153,656
s156,2070
s157,1519
s158,1036
s159,4712
s160,3491
s162,4606
s163,3808
s164,1137
s165,2520
s167,4210
s168,3001
s168,4636
s169,620
s169,3589
s170,4881
s171,3611
s172,3060
s173,3856
s174,273
s175,390
s176,3775
s177,3107
s178,1828
s179,1357
s179,4217
s180,4658
s181,3608
s183,2802
s184,4881
s186,782
s186,2771
s189,3770
s189,4982
s191,4241
s192,4552
s193,4052
s196,4155
s197,2925
s199,2447
s200,3507
s201,4130
s202,353
s202,403
s203,4114
s204,4734
s205,4052
s206,1076
s207,1193
s208,412
s209,3178
s210,3178
s211,3566
s212,587
s215,2784
s216,412
s217,3733
s217,2551
s218,3178
s222,2280
s223,627
s224,3010
s224,4548
s228,343
s229,3965
s230,880
s231,4018
s232,1116
s234,2909
s236,955
s237,3784
s238,3784
s239,3784
s240,3784
s241,1659
s245,2396
s247,4924
s248,659
s250,1055
s251,4765
s252,1230
s253,3142
s254,2818
s256,3081
s257,4695
s258,2818
s259,219
s260,3466
s262,695
s263,2609
s265,4397
s268,1907
s269,3224
s271,1402
s274,2297
s277,1797
s279,2333
s280,4423
s282,789
s283,2334
s284,4074
s285,4803
s286,2235
s288,4063
s291,1428
s293,1239
s294,87
s295,1731
s296,3697
s298,538
s298,3685
s298,2400
s298,4761
s298,2401
s298,442
s298,3784
s298,4145
s298,1527
s299,2422
s300,2346
s301,2528
s301,638
s302,3976
s303,758
s303,2728
s304,155
s305,2610
s306,2852
s307,1824
s308,3617
s309,4478
s311,598
s315,1881
s316,819
s317,1755
s318,2559
s319,1353
s319,3111
s326,666
s327,3951
s328,3936
s329,4637
s330,4421
s331,3626
s331,889
s333,3819
s334,2148
s335,2347
s336,2108
s338,2904
s340,2782
s340,1754
s341,891
s342,3555
s343,3336
s344,1751
s345,1751
s346,1081
s347,1088
s348,2245
s349,4958
s350,1513
s351,917
s352,4707
s353,2444
s354,4646
s355,4684
s356,629
s357,4501
s358,627
s359,1801
s360,4347
s361,1502
s363,2457
s364,1940
s366,3263
s368,4202
s372,3263
s373,2438
s374,1072
s375,3131
s376,4422
s378,1016
s379,2715
s381,1581
s384,3760
s385,1067
s388,2623
s389,4009
s389,3837
s390,4946
s393,3694
s394,910
s395,3244
s396,2860
s397,3614
s399,2514
s403,475
s406,4297
s407,3746
s408,3746
s409,3746
s410,3746
s411,3746
s412,3746
s413,3746
s414,3746
s415,3746
s416,3746
s417,3746
s418,602
s419,433
s419,4291
s420,3746
s421,3746
s422,3746
s422,3459
s423,3746
s424,3746
s425,3746
s427,110
s427,678
s428,2791
s429,2582
s430,4218
s433,2123
s433,310
s433,1443
s434,3219
s437,26
s438,1261
s439,2417
s440,4314
s440,2062
s440,411
s440,4572
s440,75
s442,2646
s444,2741
s445,1501
s446,4323
s447,928
s448,590
s449,590
s450,1129
s451,861
s452,755
s453,1643
s455,4671
s456,1466
s458,3024
s459,165
s461,444
s461,834
s462,131
s463,4644
s464,3938
s464,3494
s465,3299
s468,2834
s469,3831
s470,4203
s472,117
s472,41
s474,4815
s475,3364
s476,1024
s477,2345
s480,2646
s481,1399
s482,1228
s485,2512
s486,484
s487,2042
s487,2485
s490,102
s492,1653
s493,4175
s495,523
s496,4642
s497,725
s499,3511
s501,3414
s502,4218
s503,2789
s504,1903
s506,407
s506,3242
s507,877
s508,4727
s509,4919
s519,1676
s529,3752
s529,1684
s530,4937
s532,4159
s532,3356
s532,2768
s535,3779
s542,3671
s543,3279
s551,2646
s552,4810
s553,3315
s555,3769
s556,624
s557,2516
s558,3116
s558,3610
s559,1338
s560,4881
s561,2982
s562,1957
s563,1957
s564,1957
s565,3555
s567,3029
s568,1453
s569,3336
s570,4778
s571,825
s573,2115
s574,2177
s574,2914
s575,2024
s576,1602
s577,1503
s578,2804
s579,3891
s580,2935
s581,4287
s582,3558
s583,1502
s584,1818
s585,2114
s586,902
s587,2952
s588,4295
s588,44
s588,1191
s588,1783
s588,1922
s590,4701
s592,1489
s593,2068
s594,845
s595,1835
s596,3894
s597,2762
s598,61
s599,392
s600,3943
s601,1083
s602,2142
s603,2142
s604,2142
s605,140
s606,4840
s607,4384
s608,697
s609,3622
s610,1425
s611,2649
s612,3250
s612,608
s613,3526
s614,3925
s615,4806
s616,1619
s617,2951
s619,2988
s620,1865
s622,4264
s623,2974
s624,2253
s625,1862
s627,2136
s630,500
s631,303
s633,3322
s634,4324
s635,357
s636,507
s637,2226
s638,4350
s638,4760
s638,35
s644,2357
s645,2517
s646,4725
s647,2830
s650,407
s651,1964
s652,2519
s653,2519
s655,954
s656,954
s657,954
s665,1412
s667,1816
s671,4933
s671,4929
s672,4933
s672,4929
s673,4933
s677,3896
s682,4301
s684,3136
s686,3559
s688,2401
s689,2422
s690,4933
s690,4929
s691,2438
s693,1755
s694,2731
s695,4341
s696,4341
s699,391
s702,2881
s703,1114
s705,43
s706,3013
s708,4143
s709,3832
s712,3586
s713,3091
s717,1437
s719,1026
s722,3163
s723,1136
s724,3114
s725,2046
s727,2091
s727,692
s728,1772
s728,4246
s729,634
s736,3661
s737,2824
s738,1956
s740,827
s741,3120
s742,2598
s743,512
s743,3268
s744,2917
s746,4541
s747,2917
s748,2457
s751,4944
s753,2925
s755,2995
s757,3927
s758,2222
s759,236
s760,1544
s761,1544
s763,2637
s765,1960
s766,1000
s767,173
s769,1714
s770,154
s770,2303
s771,3247
s772,815
s774,3716
s775,2596
s776,3350
s777,2656
s778,1288
s778,3031
s780,3964
s782,3592
s783,2597
s784,2628
s785,4584
s787,1218
s788,326
s789,1682
s791,309
s792,3829
s793,3895
s794,339
s795,4511
s797,4176
s798,2059
s799,4579
s800,917
s801,477
s802,3083
s803,1884
s804,4523
s805,3135
s807,1733
s808,1733
s809,1218
s810,4632
s811,4840
s812,4392
s813,1213
s815,136
s816,3149
s817,4494
s818,2710
s819,518
s820,917
s822,3126
s823,1304
s824,3596
s825,1550
s827,613
s828,1270
s829,1085
s830,2477
s832,2286
s832,2845
s833,1515
s835,2329
s837,3568
s839,3471
s840,4341
s841,2665
s842,3790
s845,1030
s846,4401
s847,4608
s851,4820
s854,4953
s857,4728
s859,3195
s860,269
s861,881
s862,3670
s864,3930
s865,3178
s866,1062
s867,1343
s867,1778
s868,1885
s871,1887
s872,2371
s873,1833
s874,3359
s876,2781
s878,3678
s879,761
s880,1018
s882,1222
s883,649
s886,2648
s887,4745
s888,1022
s890,2111
s892,3006
s893,77
s894,83
s895,1117
s896,194
s898,718
s899,4106
s900,3768
s902,4489
s904,2941
s905,514
s906,4962
s907,4948
s908,4240
s910,1817
s911,381
s912,4790
s914,4359
s915,2014
s916,2313
s917,3355
s918,1214
s918,4260
s920,2283
s923,1238
s925,4186
s927,4830
s929,3929
s930,3962
s931,4632
s932,1143
s933,3538
s934,2606
s935,2353
s936,1317
s936,4655
s936,931
s938,4453
s939,4453
s940,4453
s941,4453
s942,4453
s943,917
s944,1998
s945,785
s946,4371
s947,3977
s948,2483
s949,362
s950,841
s951,3597
s952,3968
s953,2230
s954,942
s955,3652
s955,3270
s956,301
s957,2493
s959,4695
s960,769
s961,3446
s962,3171
s962,1994
s963,2125
s965,3928
s965,4243
s967,3571
s970,2185
s971,2229
s972,2870
s974,4125
s975,4196
s977,3462
s978,3041
s979,1649
s980,4201
s980,605
s981,4201
s982,4987
s983,4988
s984,201
s985,707
s986,2587
s987,2587
s988,3879
s989,2541
s990,536
s991,1649
s992,2950
s993,2769
s993,971
s995,2422
s996,4948
s996,4987
s997,4515
s1000,2105
s1001,94
s1002,957
s1003,1555
s1007,4453
s1008,4453
s1009,4453
s1010,128
s1010,4460
s1014,2158
s1016,1263
s1017,34
s1018,2523
s1019,22
s1020,452
s1021,4153
s1022,408
s1022,2790
s1023,7
s1024,4247
s1024,3731
s1024,3303
s1024,2423
s1025,4025
s1027,751
s1028,1628
s1030,4676
s1031,2781
s1032,4366
s1034,3989
s1035,2349
s1035,13
s1036,3360
s1037,2899
s1037,544
s1038,4538
s1040,4510
s1042,2436
s1042,4913
s1043,1584
s1047,3061
s1051,4032
s1053,3555
s1054,3439
s1055,83
s1056,2747
s1067,808
s1068,3514
s1070,703
s1071,1471
s1072,4453
s1073,4453
s1074,4453
s1075,4453
s1076,3229
s1076,746
s1076,1156
s1076,1370
s1076,1736
s1076,816
s1076,1272
s1077,4453
s1078,4453
s1079,4453
s1081,4964
s1084,1900
s1086,3499
s1087,1043
s1088,1676
s1089,543
s1090,4699
s1090,2937
s1091,346
s1097,4409
s1098,4229
s1099,2779
s1100,1308
s1101,633
s1102,720
s1103,4406
s1104,4895
s1105,4803
s1106,3873
s1107,3522
s1107,3537
s1108,504
s1109,3280
s1110,413
s1110,416
s1111,4503
s1112,3340
s1113,191
s1114,3977
s1115,3749
s1116,3744
s1118,2684
s1119,1894
s1120,1091
s1121,4519
s1122,3919
s1123,4442
s1125,3880
s1127,1543
s1129,4681
s1131,1733
s1132,1733
s1133,1733
s1134,1218
s1135,4272
s1135,2958
s1136,2155
s1137,1671
s1137,3490
s1138,529
s1139,3985
s1140,3314
s1141,3048
s1142,538
s1143,4256
s1145,3620
s1146,2315
s1147,85
s1148,2252
s1151,2237
s1152,610
s1154,2350
s1155,2146
s1156,3259
s1157,3986
s1160,1403
s1161,3164
s1163,1362
s1165,1404
s1166,4733
s1168,2959
s1171,164
s1172,216
s1173,2376
s1174,2341
s1176,4384
s1177,4522
s1178,683
s1179,1204
s1184,4520
s1185,2674
s1186,818
s1188,364
s1189,4822
s1190,4713
s1191,2676
s1192,2828
s1192,1954
s1193,1377
s1194,83
s1195,4841
s1196,858
s1197,132
s1198,4546
s1199,2590
s1200,3421
s1203,1716
s1204,4421
s1205,4551
s1208,1715
s1209,3236
s1210,1211
s1212,2795
s1213,727
s1215,2738
s1216,2467
s1217,1339
s1219,3143
s1220,4640
s1221,3467
s1222,3203
s1223,2484
s1223,2997
s1224,342
s1224,3347
s1229,1576
s1231,1652
s1233,736
s1234,2422
s1235,2880
s1237,2321
s1238,1372
s1240,4550
s1241,2606
s1242,272
s1243,1913
s1243,4722
s1244,3151
s1245,40
s1247,4471
s1248,1733
s1249,1307
s1250,4893
s1250,2847
s1251,3183
s1252,2471
s1253,2856
s1254,305
s1254,2450
s1255,523
s1256,1733
s1257,2675
s1259,2360
s1259,553
s1260,2986
s1261,995
s1262,3473
s1264,2139
s1265,2054
s1266,3828
s1267,3473
s1268,514
s1270,3886
s1274,4288
s1277,1984
s1279,4713
s1280,520
s1281,1132
s1281,546
s1282,4623
s1284,1894
s1285,1894
s1287,1757
s1289,861
s1290,4146
s1291,1826
s1292,2500
s1293,2740
s1294,4574
s1294,502
s1294,3260
s1294,4124
s1296,3676
s1298,181
s1304,1772
s1305,552
s1306,4795
s1308,973
s1310,979
s1312,1657
s1313,1746
s1316,2886
s1317,4800
s1319,3076
s1320,1316
s1323,904
s1324,3218
s1325,481
s1326,133
s1327,1418
s1328,481
s1329,2091
s1330,2323
s1331,660
s1334,4632
s1335,1718
s1337,3026
s1338,3226
s1341,2260
s1342,4076
s1343,2079
s1344,3137
s1345,3947
s1346,1631
s1347,1902
s1348,1345
s1352,3397
s1354,1167
s1358,4135
s1359,2943
s1360,3965
s1361,3838
s1365,2198
s1367,2857
s1368,1620
s1369,2703
s1370,2308
s1371,4307
s1373,3396
s1375,2035
s1377,2029
s1379,1582
s1380,3409
s1382,1784
s1383,839
s1387,4980
s1388,3539
s1389,3766
s1390,3344
s1391,3341
s1392,3702
s1394,934
s1397,1508
s1398,1830
s1399,1047
s1400,2758
s1400,1572
s1404,951
s1406,3150
s1407,1317
s1407,4303
s1408,713
s1410,3588
s1411,3820
s1412,3999
s1413,4464
s1414,1671
s1415,784
s1415,506
s1416,1892
s1417,4603
s1418,1441
s1419,854
s1420,2326
s1421,4361
s1422,3433
s1422,4983
s1423,3667
s1424,3972
s1425,4001
s1427,3667
s1429,3973
s1433,2796
s1434,1937
s1435,1329
s1435,4984
s1436,2544
s1437,162
s1437,3767
s1439,1422
s1442,4325
s1445,1489
s1446,1654
s1447,1997
s1448,864
s1451,3934
s1452,1987
s1453,3990
s1454,672
s1455,1995
s1457,4189
s1459,2910
s1460,3039
s1462,1220
s1464,4678
s1465,2013
s1465,4628
s1468,1941
s1469,2509
s1470,2606
s1471,4257
s1473,4092
s1475,419
s1476,4045
s1480,939
s1482,2677
s1485,432
s1485,4618
s1486,1592
s1487,130
s1487,220
s1489,3028
s1491,3866
s1492,4799
s1494,3684
s1495,3930
s1496,291
s1497,4902
s1498,756
s1499,2162
s1499,2037
s1500,1542
s1501,2697
s1502,3968
s1503,2555
s1505,968
s1505,4427
s1508,1952
s1510,3535
s1511,1876
s1512,3234
s1513,4592
s1514,2168
s1516,4079
s1518,1541
s1520,4911
s1521,4445
s1521,4782
s1521,1527
s1521,4766
s1522,4911
s1523,4911
s1524,2296
s1525,2683
s1526,3301
s1527,391
s1530,1838
s1531,202
s1532,1384
s1533,325
s1533,3575
s1534,3647
s1535,2338
s1537,630
s1538,2632
s1541,4648
s1542,1290
s1542,2056
s1543,4814
s1545,3188
s1550,1380
s1551,4252
s1557,1252
s1558,1452
s1559,1870
s1559,1414
s1561,4029
s1562,1574
s1564,1154
s1565,2591
s1566,4577
s1567,2781
s1568,2338
s1569,2338
s1572,4495
s1576,2284
s1577,2529
s1581,578
s1581,232
s1581,2494
s1582,4392
s1583,2146
s1585,4546
s1587,1863
s1588,4440
s1588,897
s1588,2698
s1589,916
s1592,1334
s1592,2487
s1593,1180
s1596,1083
s1598,247
s1599,1929
s1600,2841
s1601,1045
s1602,3940
s1603,969
s1605,474
s1607,367
s1609,3029
s1610,977
s1611,3989
s1613,2198
s1614,3855
s1617,1566
s1618,3623
s1621,3653
s1622,4310
s1625,3989
s1627,663
s1630,1177
s1631,2928
s1632,2008
s1633,576
s1634,673
s1636,4360
s1636,190
s1637,3416
s1638,4979
s1643,2735
s1644,2631
s1645,521
s1646,676
s1647,2999
s1648,756
s1649,1314
s1651,3535
s1652,837
s1653,4747
s1654,4747
s1655,504
s1656,1609
s1656,4509
s1657,3989
s1658,740
s1660,2979
s1661,1599
s1663,3202
s1664,1149
s1665,3930
s1666,4776
s1667,4379
s1670,4865
s1670,3080
s1672,3214
s1674,404
s1675,4294
s1676,1035
s1677,4769
s1678,756
s1679,404
s1680,3976
s1681,3828
s1682,3172
s1683,756
s1684,4290
s1686,4518
s1687,2660
s1690,1992
s1691,4041
s1691,981
s1692,2352
s1695,920
s1695,2548
s1696,2352
s1700,3065
s1701,979
s1703,487
s1704,1079
s1705,3815
s1706,1254
s1707,2965
s1708,756
s1710,3551
s1711,4024
s1713,403
s1714,2727
s1715,3314
s1716,730
s1721,4731
s1722,4412
s1722,2311
s1726,2570
s1728,4847
s1729,111
s1729,2200
s1729,2255
s1730,2490
s1732,3455
s1733,391
s1734,158
s1735,3020
s1736,4016
s1737,2944
s1740,2352
s1742,3278
s1743,1906
s1744,4549
s1745,1348
s1748,4960
s1748,883
s1750,3087
s1752,772
s1753,772
s1754,2023
s1762,3850
s1763,3584
s1764,3348
s1765,3421
s1768,1830
s1769,882
s1771,4252
s1772,2316
s1773,1675
s1775,4353
s1776,3812
s1777,4688
s1778,4566
s1781,3431
s1784,4126
s1785,1461
s1786,2186
s1787,397
s1788,3365
s1789,526
s1790,1893
s1793,3009
s1794,3284
s1795,779
s1795,807
s1796,3750
s1797,2595
s1798,4739
s1799,1565
s1801,4581
s1801,147
s1802,1580
s1803,857
s1806,2502
s1806,3574
s1807,1912
s1808,991
s1809,840
s1810,756
s1811,2513
s1812,2392
s1813,4610
s1815,556
s1816,3866
s1817,1218
s1818,2930
s1819,3640
s1820,256
s1821,3640
s1822,3640
s1823,2930
s1824,3772
s1825,1011
s1826,3774
s1827,2930
s1828,3640
s1830,4965
s1831,4224
s1832,2930
s1833,2257
s1834,4073
s1834,836
s1836,3997
s1837,1058
s1837,3086
s1839,4596
s1841,2830
s1843,15
s1844,2668
s1845,3710
s1846,4077
s1847,3601
s1850,1671
s1851,2605
s1854,3564
s1854,129
s1856,2478
s1856,3615
s1857,745
s1858,738
s1859,2451
s1860,610
s1862,1794
s1863,499
s1864,1690
s1866,3306
s1867,3750
s1868,181
s1870,3687
s1871,3041
s1873,3712
s1875,588
s1875,2361
s1877,1258
s1880,4397
s1881,3562
s1882,3157
s1883,1440
s1884,2204
s1885,892
s1887,146
s1887,2238
s1887,2442
s1888,275
s1889,4737
s1892,4738
s1893,190
s1893,4360
s1897,2457
s1898,4447
s1899,1212
s1900,707
s1901,3461
s1902,4069
s1903,81
s1904,632
s1905,1293
s1905,3851
s1906,729
s1910,1513
s1912,48
s1913,4512
s1914,2690
s1914,428
s1917,1098
s1920,3225
s1921,1383
s1922,3952
s1925,4354
s1927,2027
s1928,1427
s1931,4663
s1932,2100
s1935,2635
s1936,3485
s1937,972
s1938,2635
s1939,3740
s1940,35
s1941,3976
s1942,2451
s1943,35
s1944,1792
s1945,1794
s1946,3295
s1947,340
s1951,3876
s1954,3462
s1958,4255
s1960,1687
s1961,2281
s1961,3801
s1963,4336
s1964,3388
s1965,4268
s1966,4268
s1966,4717
s1967,4268
s1967,4717
s1968,4939
s1969,4268
s1970,4268
s1971,2949
s1972,4319
s1973,3735
s1975,4601
s1976,116
s1977,3743
s1978,145
s1982,774
s1983,4198
s1985,1422
s1986,1504
s1987,4198
s1988,3043
s1993,2563
s1996,395
s1997,731
s1998,1895
s1999,3639
s2000,3486
s2001,842
s2002,3609
s2004,3736
s2005,4395
s2006,4694
s2008,1944
s2011,1142
s2012,3811
s2015,4251
s2016,4152
s2017,30
s2018,2787
s2019,2787
s2020,3668
s2021,2822
s2023,2460
s2024,2799
s2025,1649
s2026,4788
s2027,4093
s2028,2462
s2028,248
s2029,100
s2030,3029
s2031,417
s2032,3027
s2034,3579
s2035,2861
s2036,1993
s2037,822
s2039,3657
s2039,1888
s2040,4639
s2042,1139
s2044,3632
s2046,792
s2047,1960
s2049,19
s2050,391
s2051,2344
s2051,4013
s2052,1341
s2053,2922
s2056,1391
s2057,4594
s2058,3319
s2060,509
s2061,991
s2062,930
s2066,493
s2068,1743
s2072,847
s2073,4181
s2075,21
s2076,1237
s2077,982
s2077,3582
s2077,2992
s2078,1433
s2080,3736
s2081,1612
s2082,2923
s2082,4631
s2083,4232
s2084,2055
s2085,652
s2088,855
s2088,2838
s2089,1086
s2091,1111
s2092,2663
s2093,959
s2095,1807
s2096,3290
s2101,4845
s2104,471
s2105,575
s2108,4708
s2109,1747
s2111,2496
s2112,4194
s2115,3670
s2116,1467
s2117,3374
s2118,4102
s2120,768
s2121,4653
s2122,4207
s2127,452
s2129,366
s2130,938
s2131,1375
s2132,610
s2133,1722
s2133,424
s2138,3804
s2139,395
s2140,395
s2142,4242
s2143,3894
s2144,4724
s2147,4773
s2148,2570
s2150,2844
s2151,1460
s2155,4419
s2156,3866
s2160,2613
s2162,2948
s2164,1446
s2165,3510
s2167,4360
s2167,190
s2168,4158
s2170,2555
s2172,3156
s2173,1046
s2177,3163
s2178,4392
s2180,2262
s2183,3047
s2184,925
s2186,3807
s2186,3367
s2187,1745
s2188,2419
s2188,3823
s2189,423
s2192,4977
s2194,4762
s2195,3383
s2196,349
s2197,3139
s2198,2972
s2199,1904
s2200,4452
s2201,3550
s2203,545
s2205,1492
s2206,4557
s2207,586
s2208,4677
s2208,4163
s2209,1609
s2209,4509
s2210,4687
s2211,1409
s2212,4942
s2214,4803
s2215,175
s2216,107
s2217,4293
s2220,2693
s2220,1378
s2221,4877
s2222,1057
s2222,1468
s2225,1161
s2229,2661
s2229,757
s2232,4638
s2232,4720
s2233,3612
s2234,489
s2235,3224
s2240,1021
s2241,4368
s2243,1704
s2244,4439
s2245,328
s2245,2122
s2246,752
s2248,270
s2249,4451
s2251,1571
s2252,4888
s2253,1476
s2257,702
s2258,953
s2258,2390
s2260,1666
s2261,852
s2261,2576
s2262,4180
s2263,933
s2263,817
s2264,3691
s2265,4051
s2266,3690
s2267,4817
s2268,404
s2268,1193
s2268,2386
s2268,4970
s2269,378
s2270,4343
s2271,1076
s2272,1477
s2273,3371
s2274,2549
s2275,2374
s2276,3711
s2277,4447
s2278,4281
s2279,3438
s2280,3828
s2281,4152
s2282,4736
s2283,1183
s2284,4514
s2285,4286
s2286,20
s2286,2961
s2287,2757
s2288,4794
s2289,538
s2290,3304
s2291,8
s2292,1634
s2295,2589
s2296,3756
s2297,3780
s2301,4275
s2303,1367
s2303,2083
s2305,4043
s2305,365
s2308,2584
s2309,4068
s2310,763
s2311,520
s2312,685
s2313,763
s2315,3006
s2316,3072
s2317,238
s2317,3908
s2318,3557
s2320,4936
s2322,4713
s2324,3405
s2325,3756
s2326,1005
s2327,32
s2329,3707
s2331,1078
s2333,3436
s2334,1259
s2337,32
s2339,3788
s2340,4335
s2341,4335
s2342,625
s2342,2214
s2343,409
s2345,1521
s2346,1325
s2348,3243
s2349,1812
s2351,2411
s2351,2612
s2352,118
s2354,415
s2355,4937
s2357,1279
s2359,1624
s2361,3462
s2362,4937
s2364,3428
s2365,2343
s2365,4675
s2366,4937
s2367,4937
s2368,4937
s2369,4937
s2370,4937
s2371,3468
s2372,1259
s2373,2810
s2374,4937
s2375,1552
s2376,4937
s2377,4937
s2378,3598
s2380,2071
s2381,3478
s2382,3405
s2383,1606
s2386,2299
s2387,81
s2388,1812
s2390,2
s2392,1372
s2392,3648
s2393,3326
s2394,4347
s2398,3098
s2399,2532
s2403,211
s2404,491
s2406,3896
s2408,1545
s2411,3499
s2412,4023
s2413,515
s2413,4666
s2414,119
s2414,286
s2415,2382
s2417,3062
s2419,3197
s2420,82
s2421,404
s2422,3224
s2424,3630
s2425,3432
s2428,288
s2429,3241
s2430,100
s2431,1621
s2432,4084
s2434,4834
s2435,1793
s2436,4834
s2437,97
s2438,4096
s2439,2496
s2440,4835
s2442,1823
s2443,4265
s2444,4909
s2446,4055
s2447,4664
s2449,1664
s2452,2807
s2455,1874
s2456,3321
s2457,3067
s2458,104
s2459,348
s2461,4937
s2464,105
s2465,105
s2466,161
s2468,1408
s2469,2774
s2470,4938
s2471,2057
s2472,2271
s2472,569
s2475,346
s2476,3779
s2478,3769
s2479,1737
s2479,4931
s2479,120
s2480,3113
s2481,3390
s2481,1510
s2481,3174
s2481,2167
s2481,3902
s2482,3756
s2483,239
s2484,1430
s2485,1431
s2486,332
s2488,4097
s2489,1767
s2490,1767
s2491,1699
s2492,1750
s2493,3235
s2493,1672
s2494,2707
s2495,188
s2495,4089
s2497,3803
s2498,481
s2499,737
s2501,3032
s2502,4054
s2503,4265
s2504,97
s2505,213
s2506,95
s2507,95
s2508,2864
s2510,4834
s2511,213
s2512,1644
s2513,4835
s2514,1270
s2517,3204
s2521,2729
s2522,2611
s2523,4965
s2528,4317
s2532,1372
s2532,3648
s2533,1372
s2533,3648
s2534,4067
s2535,3209
s2536,3404
s2537,2334
s2538,73
s2539,4053
s2540,1246
s2541,4724
s2542,1766
s2544,903
s2545,4813
s2546,3750
s2548,1221
s2550,4859
s2551,1432
s2554,975
s2554,1749
s2554,2624
s2554,141
s2556,4036
s2557,1656
s2558,1707
s2559,3779
s2560,3258
s2561,3573
s2562,2095
s2563,16
s2564,2726
s2565,449
s2566,1728
s2567,184
s2568,1404
s2571,4252
s2572,4213
s2573,4252
s2574,654
s2577,2107
s2578,3133
s2579,3426
s2580,190
s2580,4360
s2582,2003
s2583,1317
s2583,4655
s2585,946
s2588,4274
s2590,3248
s2592,223
s2593,620
s2593,3589
s2594,2120
s2595,2120
s2596,2120
s2597,1165
s2598,3092
s2602,695
s2603,4313
s2604,1074
s2604,806
s2605,831
s2606,4948
s2608,3437
s2611,4141
s2613,3236
s2613,4507
s2614,4212
s2615,103
s2615,1706
s2616,1662
s2617,2587
s2618,1416
s2619,536
s2620,450
s2621,4948
s2622,4948
s2623,3544
s2624,100
s2625,2964
s2626,1792
s2627,2220
s2630,4763
s2631,2496
s2633,2943
s2634,268
s2635,3129
s2636,101
s2637,99
s2638,3200
s2639,100
s2643,770
s2645,3317
s2647,4740
s2648,4740
s2650,1671
s2651,4927
s2653,3709
s2654,3529
s2655,3374
s2656,2846
s2657,2548
s2660,4030
s2664,372
s2668,3251
s2669,2321
s2672,964
s2673,1601
s2674,1409
s2675,2664
s2676,84
s2676,3456
s2678,1350
s2678,2112
s2679,2207
s2680,1200
s2681,1774
s2682,218
s2683,1201
s2684,1298
s2686,2545
s2687,2978
s2688,4688
s2689,3437
s2691,1986
s2694,1141
s2695,1595
s2695,3034
s2696,1953
s2697,4367
s2698,143
s2701,3580
s2702,2765
s2703,853
s2704,1251
s2705,4182
s2706,3484
s2707,4928
s2708,3829
s2710,3070
s2712,3474
s2712,2739
s2713,429
s2714,122
s2715,1691
s2716,3238
s2717,2388
s2718,3746
s2720,1063
s2720,2212
s2721,4545
s2722,3763
s2723,2786
s2724,3729
s2725,3689
s2726,2786
s2727,4810
s2729,4247
s2730,4327
s2731,2386
s2732,2386
s2733,3361
s2734,4228
s2735,2386
s2736,4794
s2738,3746
s2738,355
s2738,231
s2739,3669
s2742,280
s2745,3843
s2745,2399
s2746,1423
s2748,3821
s2750,1472
s2751,3789
s2753,4791
s2755,1093
s2756,4390
s2757,3754
s2758,4075
s2759,1516
s2761,1178
s2763,3163
s2764,4509
s2764,1609
s2767,3305
s2769,3516
s2770,1287
s2770,1773
s2771,4631
s2771,2923
s2772,3682
s2774,4971
s2776,3300
s2777,2929
s2779,12
s2781,4526
s2782,4974
s2782,1118
s2783,3765
s2787,1442
s2790,1487
s2796,1319
s2796,3800
s2797,1436
s2799,2181
s2800,4517
s2800,4932
s2801,2804
s2802,4480
s2804,2956
s2806,3651
s2807,1996
s2810,4160
s2811,3267
s2812,2120
s2813,2120
s2814,2761
s2815,2120
s2816,3297
s2818,4376
s2820,3458
s2821,4375
s2822,2514
s2823,2700
s2824,3035
s2829,2251
s2830,2762
s2831,4244
s2832,4696
s2833,87
s2834,4012
s2835,878
s2836,4361
s2837,3584
s2838,1002
s2840,4401
s2841,4711
s2843,2533
s2844,952
s2845,4192
s2845,3764
s2846,952
s2847,739
s2848,46
s2848,4951
s2849,2726
s2850,2864
s2851,463
s2852,4972
s2853,2778
s2854,3182
s2857,4321
s2859,3212
s2860,3003
s2861,2943
s2862,2638
s2863,4967
s2864,3555
s2865,1638
s2866,4900
s2867,4072
s2868,652
s2874,4711
s2877,2569
s2877,3228
s2878,212
s2878,3045
s2878,1383
s2878,3201
s2878,1371
s2879,4641
s2880,4841
s2882,1021
s2883,3374
s2885,3460
s2886,4218
s2887,1928
s2888,3914
s2890,4697
s2891,3138
s2896,3385
s2897,1982
s2898,1152
s2899,4334
s2900,2686
s2902,4643
s2904,345
s2905,3701
s2906,3480
s2907,4694
s2908,3585
s2909,1936
s2910,483
s2912,3862
s2912,4855
s2913,3950
s2914,3127
s2915,3419
s2916,677
s2917,452
s2919,789
s2920,4516
s2920,4033
s2920,2800
s2924,3493
s2924,803
s2925,3541
s2925,410
s2926,3076
s2929,569
s2929,2271
s2930,297
s2931,291
s2933,302
s2934,2603
s2935,2750
s2936,4234
s2937,2575
s2940,1985
s2941,2565
s2944,1914
s2947,479
s2947,370
s2948,1866
s2949,2312
s2949,2010
s2950,3285
s2950,49
s2951,1820
s2952,3918
s2953,1618
s2955,1982
s2956,205
s2957,4894
s2958,4335
s2961,3849
s2962,203
s2963,4586
s2964,1342
s2969,1478
s2970,4335
s2971,1735
s2973,1968
s2974,3436
s2976,2593
s2979,4239
s2982,1115
s2986,3762
s2987,1652
s2988,4814
s2988,113
s2989,2275
s2989,2282
s2990,900
s2991,2189
s2996,963
s2997,173
s3000,3693
s3003,3477
s3003,2302
s3004,2560
s3005,2776
s3007,1148
s3008,1104
s3009,4323
s3010,4723
s3015,749
s3017,4607
s3018,3401
s3019,662
s3020,4931
s3022,1037
s3023,3878
s3024,3481
s3026,307
s3027,4872
s3028,1066
s3028,966
s3030,3529
s3032,4396
s3033,3177
s3037,4343
s3039,4651
s3042,1218
s3044,1103
s3045,2871
s3047,4922
s3049,3209
s3052,1265
s3055,4750
s3058,2896
s3058,2585
s3059,2896
s3059,1311
s3060,2896
s3061,404
s3061,1193
s3061,2386
s3061,4970
s3062,3114
s3063,2126
s3065,2726
s3068,2359
s3069,1628
s3070,4571
s3071,1265
s3073,2156
s3074,4408
s3078,3785
s3079,4344
s3081,2211
s3082,687
s3090,4943
s3091,324
s3092,1302
s3094,3407
s3095,1277
s3097,2642
s3098,4681
s3099,125
s3099,3379
s3100,3992
s3101,1218
s3102,4279
s3102,1625
s3103,1833
s3105,3578
s3106,3826
s3108,1105
s3110,2719
s3111,4470
s3113,3437
s3114,1373
s3115,1457
s3116,3437
s3117,1411
s3119,3957
s3122,2908
s3124,4190
s3125,3400
s3125,4497
s3125,3718
s3125,3945
s3125,1586
s3125,3186
s3125,4536
s3125,2794
s3125,27
s3125,2553
s3125,4499
s3126,4653
s3127,2384
s3131,3405
s3132,1381
s3133,4970
s3134,1381
s3135,1381
s3136,3231
s3137,34
s3138,4716
s3139,1404
s3140,3806
s3141,1852
s3142,4787
s3143,1381
s3144,4970
s3145,4275
s3146,36
s3148,3806
s3150,4970
s3151,3056
s3152,3925
s3153,706
s3154,3437
s3155,604
s3156,1206
s3157,3925
s3158,3868
s3159,4280
s3160,4096
s3161,2594
s3162,3903
s3163,4704
s3164,4454
s3165,195
s3167,504
s3168,3510
s3170,3376
s3171,467
s3172,1313
s3175,3130
s3176,3916
s3176,4521
s3179,3437
s3180,3437
s3181,2174
s3187,2687
s3189,3134
s3190,4786
s3191,2987
s3192,3176
s3194,3492
s3195,4206
s3196,3294
s3198,1523
s3199,1853
s3201,4530
s3202,3237
s3203,4504
s3203,3313
s3204,4718
s3206,2740
s3206,1786
s3207,38
s3208,2971
s3210,3224
s3211,2362
s3212,2815
s3214,3158
s3215,810
s3216,3969
s3218,4638
s3219,2660
s3224,1264
s3225,528
s3226,3670
s3227,1285
s3227,2415
s3228,2943
s3229,4213
s3230,4392
s3234,4123
s3235,2932
s3235,3995
s3236,3829
s3238,2319
s3240,4716
s3245,3285
s3245,49
s3249,3215
s3251,1354
s3252,2370
s3254,2298
s3255,3734
s3257,4405
s3260,4616
s3261,3901
s3262,4135
s3263,1275
s3265,4843
s3266,166
s3267,3011
s3268,427
s3269,4248
s3269,4100
s3273,3276
s3274,4211
s3279,4753
s3281,2801
s3286,1528
s3290,896
s3291,4648
s3293,2265
s3297,2755
s3298,4891
s3300,3567
s3301,3643
s3303,4963
s3304,2726
s3306,3302
s3308,495
s3309,2340
s3310,2660
s3312,2977
s3313,3505
s3316,4158
s3318,4158
s3319,4170
s3320,3792
s3320,4431
s3321,4386
s3322,2101
s3323,4803
s3324,1315
s3325,4857
s3327,2883
s3330,2459
s3332,1694
s3333,1871
s3335,4545
s3336,1231
s3336,4955
s3338,1338
s3339,3050
s3344,612
s3347,2830
s3348,1109
s3349,2853
s3350,1360
s3354,3956
s3354,1483
s3355,2305
s3357,967
s3359,3501
s3360,4142
s3363,676
s3366,1360
s3367,2980
s3372,3462
s3373,944
s3375,599
s3377,3117
s3380,4956
s3381,3118
s3384,320
s3385,1579
s3385,1531
s3387,1768
s3388,4941
s3389,1570
s3390,556
s3391,3670
s3392,4593
s3393,87
s3399,901
s3400,1457
s3403,4948
s3406,1029
s3408,1219
s3409,1249
s3410,4420
s3412,4688
s3413,4726
s3414,1630
s3418,531
s3419,2658
s3420,2512
s3422,901
s3423,2714
s3424,106
s3425,1970
s3426,2671
s3426,2465
s3428,1649
s3429,4802
s3430,627
s3432,623
s3433,4313
s3435,1169
s3437,3277
s3439,2026
s3440,2377
s3442,4030
s3444,291
s3447,4755
s3449,3441
s3451,4808
s3452,4719
s3457,1844
s3457,4392
s3460,2742
s3461,279
s3462,2643
s3466,4008
s3469,4831
s3472,3333
s3473,4426
s3473,3534
s3476,1788
s3476,3392
s3477,3376
s3478,1038
s3479,842
s3480,2809
s3481,2809
s3483,1632
s3485,2072
s3486,2336
s3486,2539
s3486,3053
s3486,2958
s3486,435
s3486,1725
s3486,4513
s3486,1294
s3486,1648
s3486,4273
s3487,2816
s3488,4884
s3491,3454
s3493,502
s3494,502
s3495,3082
s3496,4713
s3497,3720
s3498,418
s3499,1157
s3501,4162
s3504,2877
s3507,2506
s3507,3518
s3508,536
s3510,4109
s3512,2055
s3513,2828
s3514,4644
s3515,3137
s3517,502
s3518,3776
s3519,187
s3521,2587
s3523,4561
s3524,3402
s3529,3151
s3530,3447
s3531,402
s3532,2785
s3533,4573
s3534,4988
s3537,1382
s3538,1
s3539,3619
s3542,1703
s3543,3619
s3543,2626
s3545,576
s3546,104
s3548,4034
s3548,2325
s3549,1404
s3550,156
s3555,2291
s3556,3968
s3557,4836
s3558,4852
s3560,4356
s3561,4921
s3564,3722
s3565,4469
s3566,3233
s3567,4156
s3568,4412
s3568,2311
s3569,453
s3570,453
s3571,453
s3573,2338
s3575,2310
s3583,4544
s3584,3120
s3587,2464
s3590,4799
s3590,404
s3591,823
s3591,805
s3591,4847
s3591,2694
s3591,2682
s3591,4263
s3591,4899
s3592,1200
s3594,2833
s3595,359
s3596,4826
s3597,150
s3600,3923
s3603,5
s3604,2103
s3604,941
s3606,2053
s3614,4270
s3615,4270
s3617,4455
s3618,2127
s3619,2781
s3620,2594
s3621,4239
s3622,598
s3623,2095
s3624,171
s3626,2061
s3627,1342
s3629,726
s3631,4785
s3632,3621
s3635,1564
s3636,2864
s3638,2248
s3639,3176
s3640,3427
s3642,4194
s3644,2395
s3644,2006
s3646,1950
s3647,1953
s3647,1160
s3648,1041
s3649,812
s3650,937
s3650,3524
s3651,4624
s3653,1449
s3654,2047
s3658,3612
s3659,78
s3662,3370
s3663,1009
s3669,1556
s3671,4853
s3673,4589
s3676,2099
s3677,295
s3679,999
s3680,4346
s3682,2849
s3682,2879
s3682,2736
s3684,3137
s3694,2687
s3698,1729
s3699,4315
s3700,3904
s3702,4580
s3704,2409
s3707,3939
s3710,3555
s3712,173
s3712,2860
s3714,4455
s3715,4488
s3716,2470
s3718,2055
s3718,2052
s3719,3144
s3719,3144
s3720,2737
s3720,330
s3720,1854
s3721,1730
s3729,1730
s3729,2428
s3730,31
s3730,4352
s3731,394
s3732,853
s3733,3619
s3734,1953
s3735,2217
s3736,1859
s3739,2144
s3739,2558
s3740,4117
s3741,4811
s3744,1296
s3748,695
s3754,2577
s3757,2919
s3758,3948
s3759,4239
s3760,2943
s3762,1389
s3764,1806
s3765,1600
s3766,2623
s3767,2294
s3768,1668
s3769,250
s3772,3808
s3773,1355
s3774,3276
s3776,2969
s3777,2864
s3778,2681
s3778,641
s3782,1050
s3784,4122
s3786,954
s3787,1032
s3789,4052
s3791,3755
s3792,1658
s3794,1909
s3796,3258
s3798,4443
s3799,3029
s3801,3865
s3803,3155
s3803,124
s3804,4709
s3805,4760
s3806,2687
s3809,1196
s3810,1729
s3811,1729
s3812,1729
s3814,3570
s3815,4071
s3816,1435
s3817,4370
s3819,2410
s3820,79
s3821,2814
s3823,109
s3826,1588
s3829,23
s3830,4158
s3831,1726
s3833,801
s3834,1967
s3835,4916
s3837,3518
s3842,272
s3843,4918
s3858,182
s3858,3867
s3859,1459
s3860,1673
s3861,1390
s3863,1488
s3864,2091
s3866,2636
s3867,4867
s3869,2811
s3870,390
s3872,3073
s3873,3708
s3874,4492
s3875,2817
s3876,1727
s3878,2864
s3886,1042
s3889,1404
s3890,4948
s3891,4149
s3892,671
s3894,3694
s3895,595
s3896,1364
s3897,4111
s3900,4148
s3904,2015
s3905,3816
s3906,142
s3907,4730
s3908,581
s3909,3845
s3911,3261
s3912,4472
s3913,4826
s3914,4447
s3915,4455
s3916,284
s3917,4342
s3918,2644
s3919,263
s3920,972
s3922,2291
s3923,1696
s3924,1696
s3927,850
s3929,2639
s3929,4923
s3929,2030
s3929,2511
s3930,1404
s3931,2169
s3933,3748
s3934,2401
s3936,2031
s3940,2401
s3946,679
s3948,1404
s3949,3948
s3949,347
s3951,4262
s3952,4237
s3953,2660
s3955,4597
s3956,4258
s3958,1337
s3960,3457
s3961,4070
s3963,4491
s3964,2586
s3967,2154
s3968,4576
s3973,488
s3974,1671
s3975,4030
s3976,3725
s3978,1946
s3979,781
s3979,3644
s3983,3446
s3984,4436
s3986,1997
s3991,4849
s3992,2293
s3993,1929
s3994,2954
s3995,4577
s3996,2740
s3998,2389
s3998,4798
s4000,274
s4001,3857
s4003,3646
s4004,4906
s4005,1435
s4006,2749
s4008,2828
s4009,3114
s4009,2998
s4010,2828
s4011,3114
s4012,1458
s4014,81
s4018,2954
s4019,3423
s4020,2293
s4021,4577
s4022,756
s4025,1831
s4026,664
s4032,1781
s4032,1695
s4034,906
s4035,1306
s4037,929
s4038,1644
s4039,4849
s4040,3423
s4041,391
s4042,3399
s4046,2463
s4047,2781
s4048,4016
s4049,1810
s4050,4
s4051,1473
s4052,3394
s4053,3300
s4054,4892
s4059,2219
s4060,1447
s4061,3595
s4062,3748
s4063,821
s4065,3958
s4065,3656
s4066,2925
s4067,3147
s4068,742
s4069,756
s4070,4849
s4071,2781
s4072,2781
s4073,4349
s4074,756
s4075,756
s4076,756
s4077,756
s4078,991
s4079,3423
s4081,3057
s4082,3565
s4083,2837
s4084,4030
s4086,441
s4087,180
s4088,1278
s4089,3496
s4092,4885
s4093,3543
s4094,3068
s4095,4484
s4096,2482
s4097,2990
s4098,3673
s4099,1497
s4100,1010
s4101,2850
s4102,4235
s4103,4447
s4104,3740
s4105,2602
s4107,1677
s4108,4062
s4109,4534
s4111,1843
s4111,2775
s4113,4050
s4114,1019
s4116,2207
s4118,3791
s4121,4420
s4122,4659
s4124,2443
s4125,2328
s4129,3113
s4134,2191
s4135,271
s4136,52
s4136,2045
s4136,4706
s4136,1331
s4137,1754
s4137,2782
s4139,3871
s4140,3066
s4147,985
s4148,2806
s4149,3491
s4151,253
s4152,3492
s4153,3372
s4154,2828
s4155,715
s4156,4968
s4157,47
s4158,1374
s4159,2832
s4160,1671
s4161,2571
s4162,1671
s4162,3036
s4165,2043
s4166,2608
s4166,2290
s4170,1522
s4174,333
s4174,1195
s4175,4205
s4177,858
s4178,2225
s4181,327
s4182,3009
s4183,1817
s4186,4318
s4187,1697
s4189,4145
s4191,1415
s4192,4498
s4193,2640
s4194,3875
s4195,3948
s4196,3948
s4198,1525
s4199,991
s4204,573
s4205,1763
s4206,1608
s4209,2536
s4209,1742
s4210,2567
s4211,3382
s4212,3381
s4213,4985
s4214,2708
s4215,1536
s4218,4567
s4218,4569
s4220,4907
s4222,2651
s4223,1950
s4224,2569
s4225,3777
s4226,3759
s4229,2141
s4230,2141
s4232,833
s4233,833
s4234,2469
s4234,1094
s4235,3542
s4237,2327
s4238,4839
s4239,4839
s4240,4839
s4243,3535
s4244,3389
s4245,1286
s4247,2975
s4248,2975
s4249,1950
s4250,3900
s4253,4976
s4256,3753
s4259,1256
s4260,1587
s4263,3378
s4268,2501
s4269,4483
s4276,1800
s4278,1567
s4279,3782
s4281,4399
s4282,4078
s4283,1926
s4284,4101
s4285,2114
s4285,4600
s4286,3675
s4287,2211
s4288,4351
s4290,1271
s4290,2172
s4292,3063
s4293,1075
s4294,4585
s4295,1882
s4296,4188
s4298,4298
s4300,2975
s4302,2975
s4303,1627
s4304,2829
s4307,206
s4314,2147
s4314,3275
s4315,2864
s4316,2858
s4318,368
s4319,2866
s4320,338
s4322,2962
s4323,671
s4324,1844
s4325,577
s4326,842
s4329,108
s4330,311
s4331,802
s4332,1310
s4333,2408
s4334,2188
s4335,2621
s4336,3666
s4337,3266
s4338,2188
s4339,2188
s4340,508
s4342,2666
s4342,2748
s4343,1966
s4344,311
s4346,1392
s4347,1185
s4349,1511
s4350,2695
s4352,2174
s4353,977
s4355,2256
s4355,4209
s4356,221
s4358,3273
s4359,2644
s4361,3980
s4362,4193
s4365,1172
s4365,3168
s4370,911
s4371,1406
s4374,3935
s4375,3948
s4376,3715
s4378,1119
s4379,2658
s4383,1007
s4384,1462
s4386,2112
s4386,1350
s4389,4746
s4391,2352
s4392,3362
s4393,4615
s4394,3264
s4395,3369
s4395,1938
s4396,4490
s4397,111
s4397,2200
s4398,1335
s4399,885
s4402,4804
s4403,875
s4405,1106
s4412,4559
s4415,2966
s4417,4133
s4418,635
s4419,3448
s4420,3221
s4421,1795
s4422,3730
s4423,3813
s4424,3813
s4425,430
s4426,3773
s4427,403
s4428,2451
s4429,2352
s4430,3685
s4430,2543
s4432,4823
s4433,4736
s4434,1641
s4435,621
s4436,1651
s4438,265
s4439,3730
s4440,501
s4441,3178
s4442,2777
s4443,4060
s4444,4059
s4445,2562
s4446,36
s4447,4463
s4448,1505
s4449,3357
s4450,403
s4451,2594
s4452,3371
s4453,3296
s4454,3730
s4455,1193
s4456,4601
s4457,2566
s4458,3667
s4459,3700
s4460,1524
s4461,2480
s4463,2018
s4464,121
s4465,4290
s4467,4153
s4468,996
s4469,2043
s4471,4877
s4472,4620
s4473,163
s4474,4208
s4476,4110
s4478,4792
s4481,4826
s4482,4037
s4483,4397
s4485,1218
s4487,2085
s4487,694
s4491,2860
s4493,3598
s4494,2510
s4497,3745
s4500,1099
s4501,4615
s4503,4583
s4506,4649
s4507,350
s4508,3749
s4510,4219
s4511,1498
s4513,3556
s4514,2124
s4515,3483
s4516,3885
s4517,2502
s4520,4132
s4523,3538
s4525,4021
s4525,1044
s4526,4356
s4527,2372
s4529,838
s4533,3411
s4534,4525
s4538,2421
s4539,3342
s4540,1218
s4541,1320
s4541,472
s4542,379
s4544,4866
s4545,1320
s4546,4866
s4548,4568
s4548,1777
s4549,3966
s4549,1889
s4553,4569
s4555,1777
s4556,149
s4557,4311
s4558,2352
s4559,3760
s4560,3253
s4561,1153
s4562,3755
s4563,404
s4564,2825
s4565,4225
s4566,4228
s4567,4622
s4568,265
s4569,254
s4570,3497
s4572,403
s4573,3974
s4574,452
s4575,462
s4576,4816
s4577,3974
s4578,4248
s4579,3688
s4580,498
s4581,3821
s4582,4319
s4583,4094
s4584,773
s4585,508
s4586,265
s4587,3248
s4588,3739
s4589,3703
s4590,1813
s4591,1813
s4592,1101
s4593,4583
s4594,262
s4595,3492
s4596,1855
s4597,4458
s4598,2373
s4599,127
s4600,3354
s4601,2961
s4601,20
s4602,20
s4602,2961
s4603,4812
s4604,4797
s4606,4783
s4607,1256
s4608,4463
s4610,4147
s4611,4799
s4612,3253
s4613,490
s4614,4296
s4615,4061
s4616,361
s4617,2454
s4618,3216
s4619,1661
s4620,2040
s4621,2508
s4625,3948
s4626,4978
s4626,1556
s4627,375
s4631,3783
s4631,137
s4642,425
s4643,3351
s4647,168
s4650,2240
s4654,2773
s4657,2491
s4657,2098
s4658,1779
s4660,1448
s4661,3749
s4662,2055
s4665,3594
s4666,3431
s4667,3692
s4668,3440
s4669,1939
s4670,2383
s4672,4105
s4676,2965
s4680,4276
s4681,4534
s4682,4
s4684,2241
s4685,4629
s4686,3523
s4687,3153
s4688,1660
s4689,1774
s4691,454
s4692,464
s4693,3787
s4694,3698
s4695,4283
s4698,2835
s4699,4477
s4700,4898
s4701,4799
s4702,4011
s4706,3169
s4707,1857
s4708,1428
s4709,161
s4713,39
s4714,4044
s4715,3358
s4716,4896
s4716,4930
s4716,1674
s4719,2617
s4720,4816
s4721,4794
s4721,3373
s4722,2777
s4723,36
s4724,2499
s4725,4118
s4726,4816
s4727,1792
s4728,3689
s4729,4274
s4730,3681
s4731,452
s4732,3667
s4733,3755
s4734,3662
s4735,1792
s4736,2813
s4737,340
s4738,4816
s4740,2051
s4740,3434
s4741,3472
s4746,4555
s4747,4555
s4749,4679
s4750,3797
s4750,1905
s4752,557
s4754,2525
s4756,38
s4757,4405
s4758,1002
s4761,843
s4766,195
s4769,201
s4770,2536
s4770,1742
s4771,910
s4774,1105
s4775,4180
s4776,1194
s4780,2633
s4782,3797
s4782,1905
s4783,2088
s4784,4103
s4785,196
s4786,2480
s4787,4167
s4788,4167
s4789,2864
s4790,4088
s4791,3728
s4792,613
s4792,896
s4793,498
s4794,2368
s4795,3143
s4796,3362
s4797,4099
s4798,4813
s4800,2295
s4801,2374
s4802,577
s4802,960
s4803,4278
s4804,1953
s4806,4915
s4807,2983
s4809,3797
s4809,1905
s4811,3960
s4812,1272
s4813,1387
s4815,4239
s4817,4197
s4818,3246
s4820,1553
s4823,3818
s4824,2774
s4824,2209
s4826,4970
s4826,2386
s4826,404
s4826,1193
s4827,3406
s4828,2874
s4828,1770
s4829,903
s4830,3771
s4831,1257
s4834,949
s4835,2005
s4836,4730
s4840,4220
s4841,3293
s4843,2762
s4844,1394
s4848,3387
s4850,3797
s4850,1905
s4851,185
s4852,2864
s4855,4600
s4856,2376
s4859,680
s4860,3044
s4861,3304
s4862,1702
s4864,1953
s4865,373
s4865,57
s4867,3797
s4867,1905
s4868,4703
s4868,517
s4869,4803
s4871,622
s4872,994
s4873,4332
s4874,3935
s4876,317
s4877,1808
s4878,3889
s4878,2000
s4879,398
s4881,3817
s4882,2187
s4883,3517
s4884,1404
s4885,2076
s4886,1182
s4887,244
s4888,1429
s4888,3979
s4889,2332
s4890,2725
s4891,188
s4892,2352
s4894,207
s4898,1626
s4898,1071
s4900,3685
s4902,1209
s4903,4771
s4905,261
s4906,4558
s4907,1140
s4908,551
s4910,956
s4912,2609
s4913,3932
s4916,3012
s4917,1934
s4917,1061
s4918,962
s4918,2507
s4918,3955
s4919,4113
s4920,336
s4921,3424
s4922,2917
s4923,1128
s4923,1708
s4924,3572
s4928,2676
s4929,2278
s4930,1273
s4932,3616
s4933,3604
s4935,2895
s4936,4027
s4937,1701
s4938,1175
s4939,4030
s4940,2019
s4941,3797
s4941,1905
s4944,1769
s4945,2375
s4946,29
s4948,1198
s4949,3685
s4951,4030
s4953,1376
s4954,283
s4955,1376
s4956,267
s4957,498
s4959,2102
s4960,3425
s4961,1915
s4963,3797
s4963,1905
s4964,2652
s4966,3153
s4967,3153
s4969,990
s4970,3176
s4971,2577
s4972,3148
s4973,1048
s4975,3089
s4976,86
s4978,636
s4980,228
s4982,4926
s4983,4462
s4984,2121
s4987,2872
s4988,4904
s4990,2152
s4991,4774
s4992,2427
s4994,2945
s4996,4741
s4997,3550
s4997,3870
s4999,3114
s5000,555
s5002,3797
s5002,1905
s5003,3797
s5003,1905
s5004,3942
s5007,3191
s5008,2818
s5009,2818
s5010,1076
s5011,3702
s5012,2601
s5013,259
s5014,732
s5015,452
s5016,3174
s5016,2167
s5016,3902
s5017,3174
s5017,2167
s5017,3902
s5018,3174
s5018,2167
s5018,3902
s5019,3153
s5020,3153
s5021,3179
s5022,2818
s5023,1748
s5025,2864
s5026,3481
s5029,1236
s5032,1663
s5034,1475
s5035,2876
s5038,4373
s5040,613
s5041,281
s5042,3937
s5042,4338
s5043,1070
s5044,4528
s5045,422
s5046,2594
s5048,2331
s5050,3098
s5051,1789
s5052,4934
s5054,1230
s5055,983
s5056,4199
s5057,2946
s5059,1942
s5059,1943
s5060,1133
s5061,3098
s5063,3797
s5063,1905
s5065,1804
s5067,3797
s5067,1905
s5068,4172
s5069,4127
s5069,3475
s5072,3098
s5073,788
s5074,2973
s5074,4487
s5075,828
s5077,3797
s5077,1905
s5078,2536
s5078,1742
s5080,2607
s5080,4735
s5081,3747
s5082,3825
s5084,1113
s5085,3021
s5086,824
s5087,1953
s5089,3180
s5092,3160
s5093,2956
s5094,945
s5095,2254
s5097,4912
s5101,4356
s5102,169
s5103,1947
s5105,2734
s5107,1180
s5108,3398
s5109,1950
s5111,3521
s5112,1012
s5114,1062
s5115,1197
s5116,2854
s5116,2352
s5117,2759
s5118,3604
s5122,1338
s5123,4759
s5124,4216
s5125,572
s5128,2864
s5130,1079
s5131,4735
s5132,2607
s5132,4735
s5133,1233
s5134,2113
s5135,1950
s5136,1792
s5137,3055
s5138,1359
s5138,1989
s5143,2655
s5144,3269
s5144,4302
s5145,3429
s5147,211
s5149,3245
s5149,2268
s5152,4284
s5153,2195
s5154,1780
s5157,1062
s5159,518
s5159,2069
s5161,2273
s5162,4713
s5163,1845
s5164,191
s5165,858
s5168,1152
s5172,2864
s5173,134
s5175,1585
s5177,3797
s5177,1905
s5178,2850
s5180,865
s5182,684
s5183,2171
s5184,340
s5185,3487
s5187,240
s5188,1825
s5189,210
s5189,1781
s5190,214
s5191,965
s5197,2306
s5198,1340
s5199,178
s5200,3935
s5202,1622
s5203,2413
s5204,3694
s5205,664
s5208,4956
s5210,1711
s5210,3706
s5212,2039
s5213,3805
s5214,622
s5215,3178
s5218,3778
s5219,1131
s5221,4227
s5223,2793
s5224,4920
s5225,1905
s5226,2732
s5227,3029
s5228,3376
s5229,2792
s5230,626
s5231,1953
s5234,1084
s5235,639
s5236,1561
s5239,741
s5240,1434
s5241,4826
s5242,2391
s5249,4768
s5250,733
s5250,160
s5253,3160
s5254,1846
s5256,3883
s5257,1245
s5261,3256
s5262,2716
s5265,4842
s5266,4975
s5267,848
s5268,277
s5269,3058
s5270,930
s5271,345
s5272,4901
s5274,555
s5276,1272
s5277,3114
s5278,1410
s5280,3959
s5280,1444
s5282,2289
s5283,4477
s5284,2762
s5291,3747
s5293,4692
s5294,4692
s5295,4633
s5297,3747
s5301,3206
s5303,1274
s5304,4230
s5305,4735
s5307,1426
s5308,2267
s5308,4890
s5309,4581
s5309,147
s5310,2607
s5310,4735
s5311,1522
s5311,2878
s5312,1517
s5313,3795
s5314,1815
s5315,2878
s5315,1522
s5316,2864
s5317,4134
s5318,754
s5319,70
s5320,2864
s5323,1014
s5323,4508
s5324,4673
s5326,1950
s5327,1950
s5329,3596
s5330,1969
s5331,2247
s5332,3120
s5333,4856
s5334,1338
s5335,4037
s5336,4037
s5337,4037
s5338,4037
s5339,4037
s5340,4037
s5341,3897
s5342,3007
s5343,3797
s5343,1905
s5344,699
s5345,1368
s5347,1409
s5352,2131
s5354,215
s5358,3025
s5359,1805
s5360,910
s5362,890
s5365,908
s5368,4757
s5369,2075
s5370,1009
s5371,2406
s5372,1386
s5373,1312
s5374,92
s5375,1345
s5376,1688
s5377,1993
s5378,2934
s5379,1950
s5380,1950
s5382,4364
s5386,3515
s5388,3345
s5389,4204
s5390,910
s5392,2647
s5395,1210
s5397,4485
s5399,1534
s5401,2647
s5403,3561
s5409,4735
s5412,3451
s5416,624
s5417,591
s5418,2353
s5419,665
s5420,648
s5421,3373
s5424,4006
s5424,2190
s5425,4172
s5427,1948
s5428,2521
s5428,2431
s5429,1785
s5430,439
s5431,719
s5432,722
s5433,3085
s5436,780
s5441,3445
s5442,2819
s5443,4615
s5443,2518
s5444,4068
s5447,2339
s5448,4735
s5449,1260
s5450,3442
s5451,722
s5452,1260
s5453,1962
s5454,3893
s5455,358
s5456,2466
s5457,1031
s5461,2466
s5462,2647
s5463,4735
s5464,151
s5467,1260
s5468,939
s5469,2675
s5470,4816
s5472,2106
s5473,3719
s5474,1109
s5475,1974
s5476,896
s5477,1742
s5479,2760
s5479,1276
s5481,4030
s5482,3747
s5483,2568
s5484,4322
s5485,226
s5486,3747
s5487,1417
s5488,339
s5490,1242
s5490,1004
s5490,3222
s5491,4184
s5492,3650
s5493,2701
s5494,1988
s5496,1905
s5496,3797
s5497,3054
s5498,2058
s5499,2365
s5500,2786
s5501,3679
s5502,2730
s5503,1863
s5504,1260
s5505,4183
s5506,4446
s5507,1203
s5508,1809
s5508,1802
s5509,2534
s5512,4347
s5513,1358
s5516,1526
s5517,3420
s5518,1393
s5518,3249
s5519,2864
s5522,2065
s5522,3994
s5522,3783
s5523,1405
s5525,58
s5526,1950
s5527,1180
s5528,1180
s5529,1180
s5530,293
s5531,2447
s5532,2882
s5533,3146
s5534,4413
s5535,400
s5536,2660
s5537,1598
s5537,1798
s5540,1556
s5541,2110
s5544,198
s5545,1864
s5546,2366
s5547,2892
s5548,485
s5549,1932
s5550,3
s5551,1255
s5552,1001
s5553,2504
s5555,2618
s5556,1589
s5557,794
s5558,4239
s5560,1200
s5561,3033
s5562,4672
s5563,4356
s5565,2706
s5566,4493
s5569,2342
s5571,1878
s5572,4129
s5573,1332
s5574,3600
s5574,1890
s5575,4249
s5577,4239
s5578,2848
s5580,1554
s5582,4948
s5583,274
s5585,4200
s5587,4213
s5587,3152
s5588,34
s5589,2764
s5590,4665
s5591,2772
s5595,1119
s5596,2837
s5597,2442
s5598,2301
s5600,3371
s5601,4591
s5603,4072
s5603,4161
s5605,3796
s5606,3008
s5607,3101
s5608,924
s5611,3872
s5613,2080
s5613,872
s5614,4162
s5614,124
s5615,3797
s5615,1905
s5616,2805
s5617,3976
s5618,1376
s5619,4278
s5620,2086
s5621,2239
s5622,3587
s5623,1953
s5624,152
s5625,4506
s5626,64
s5627,2855
s5628,2864
s5629,2890
s5630,356
s5631,809
s5632,3302
s5633,1667
s5634,296
s5635,3019
s5636,708
s5637,1760
s5638,230
s5639,3187
s5640,1978
s5642,505
s5643,1301
s5644,1610
s5645,4744
s5646,3192
s5647,2594
s5648,3975
s5649,4402
s5649,4303
s5650,1863
s5652,35
s5653,1199
s5657,2249
s5658,3877
s5658,2038
s5660,4586
s5661,2828
s5662,4796
s5664,4185
s5665,4312
s5667,2976
s5675,1877
s5677,1280
s5679,3797
s5679,1905
s5680,180
s5682,1898
s5683,3323
s5686,844
s5688,180
s5689,3983
s5690,562
s5692,4048
s5694,63
s5695,1283
s5696,3922
s5697,4285
s5698,3758
s5699,3830
s5702,4767
s5703,2685
s5705,1990
s5706,533
s5707,2955
s5709,3461
s5710,859
s5711,3692
s5712,1905
s5712,3798
s5713,4239
s5713,3132
s5714,2047
s5715,1749
s5718,4828
s5719,2826
s5720,1998
s5722,2709
s5725,2864
s5726,2502
s5726,3854
s5727,3859
s5734,1711
s5734,3706
s5735,3227
s5736,1300
s5737,3935
s5738,3450
s5739,4850
s5740,2322
s5741,4947
s5743,566
s5744,3967
s5746,379
s5747,4590
s5748,4692
s5749,3389
s5750,3389
s5751,919
s5755,2482
s5756,885
s5757,2223
s5758,481
s5759,1054
s5761,3869
s5762,3066
s5765,3834
s5766,1623
s5768,6
s5771,156
s5773,4975
s5774,1813
s5775,1124
s5777,3654
s5779,3674
s5780,3554
s5780,2199
s5781,3833
s5783,3949
s5783,668
s5784,625
s5784,2214
s5785,622
s5793,4680
s5794,4713
s5796,3447
s5797,983
s5798,987
s5809,1953
s5810,887
s5811,2354
s5816,3071
s5817,4713
s5818,1953
s5819,1950
s5820,172
s5821,3071
s5822,2175
s5825,888
s5827,4662
s5829,4292
s5831,2398
s5832,2091
s5833,233
s5834,3692
s5835,4562
s5836,4030
s5838,1717
s5838,3677
s5838,4448
s5838,3265
s5838,401
s5838,4108
s5838,3692
s5838,3751
s5838,3738
s5838,33
s5838,4472
s5840,3797
s5840,1905
s5841,3887
s5842,4877
s5843,613
s5843,896
s5847,4413
s5848,1953
s5849,3872
s5850,2201
s5852,1396
s5852,1397
s5853,3160
s5855,1478
s5858,3954
s5859,1924
s5860,4089
s5861,4337
s5861,2712
s5862,2153
s5865,4940
s5866,3192
s5869,2594
s5873,3797
s5873,1905
s5874,4877
s5875,4877
s5876,1953
s5877,225
s5879,2588
s5880,1451
s5881,1510
s5881,3174
s5881,2167
s5881,3902
s5882,4323
s5884,2556
s5885,3826
s5887,1827
s5888,834
s5888,2016
s5888,3525
s5888,2616
s5888,2151
s5888,3286
s5888,714
s5888,4425
s5888,1144
s5888,2473
s5888,3963
s5888,3162
s5888,2905
s5889,1275
s5890,299
s5891,55
s5892,747
s5893,11
s5893,2889
s5894,1361
s5895,1953
s5897,3221
s5898,2521
s5898,2431
s5899,1666
s5900,1953
s5902,2557
s5902,448
s5904,3521
s5905,3624
s5906,384
s5907,2700
s5908,2021
s5910,2741
s5911,2065
s5911,3994
s5912,2594
s5913,3161
s5914,591
s5916,497
s5917,1123
s5918,2127
s5922,1953
s5925,2594
s5926,3447
s5927,2420
s5927,3999
s5928,4889
s5929,1898
s5930,2744
s5930,914
s5931,3924
s5931,1420
s5932,782
s5932,2771
s5933,4850
s5935,1613
s5936,2006
s5937,1927
s5938,2266
s5939,4863
s5939,1247
s5942,932
s5943,2599
s5944,3920
s5945,1323
s5946,2116
s5947,4007
s5948,436
s5949,2145
s5950,712
s5951,3860
s5952,2688
s5953,3971
s5954,3890
s5954,3910
s5955,1782
s5956,2094
s5957,3413
s5958,4340
s5959,4236
s5960,3919
s5961,2492
s5962,4282
s5963,4795
s5964,2570
s5966,3538
s5967,4491
s5969,4789
s5970,4131
s5971,460
s5972,2763
s5972,1082
s5973,3093
s5974,3088
s5976,4986
s5977,3462
s5978,2402
s5980,54
s5981,2645
s5982,3977
s5984,3040
s5986,4087
s5988,4779
s5989,1028
s5991,1013
s5992,4166
s5992,4214
s5993,3846
s5994,709
s5995,1107
s5996,3794
s5997,3221
s5999,1698
s6000,3167
s6001,2206
s6001,4171
s6003,2118
s6004,675
s6005,3324
s6006,4304
s6007,580
s6008,3261
s6009,1490
s6010,1791
s6011,4259
s6012,1665
s6013,4010
s6014,2770
s6015,1840
s6016,316
s6017,347
s6018,4777
s6019,3608
s6020,2228
s6021,3885
s6022,4625
s6023,583
s6024,4700
s6025,3375
s6026,3030
s6026,1385
s6028,2206
s6028,4171
s6029,3482
s6030,2127
s6031,3839
s6032,4358
s6033,4385
s6034,4647
s6035,2926
s6036,3813
s6037,3982
s6039,1336
s6040,3120
s6041,4564
s6042,2067
s6043,337
s6044,829
s6046,95
s6047,1831
s6048,894
s6048,640
s6050,2141
s6051,2240
s6052,3090
s6053,2434
s6054,3067
s6055,1723
s6056,1811
s6057,443
s6058,1350
s6058,2112
s6059,2868
s6060,3283
s6061,2940
s6062,672
s6063,67
s6064,3304
s6065,1616
s6066,481
s6069,4022
s6070,3417
s6071,4987
s6072,3141
s6073,777
s6074,3667
s6075,3261
s6076,4743
s6077,460
s6079,1
s6081,767
s6082,861
s6082,3559
s6083,1033
s6084,208
s6085,2320
s6086,2318
s6087,3166
s6087,4179
s6088,2795
s6089,651
s6091,4582
s6092,369
s6093,4107
s6094,2581
s6096,701
s6097,681
s6098,395
s6099,3352
s6100,4570
s6104,4276
s6105,228
s6107,606
s6108,20
s6108,2961
s6110,753
s6111,1560
s6111,201
s6112,2943
s6113,1829
s6114,4186
s6115,4476
s6116,1356
s6117,1215
s6117,1509
s6117,988
s6118,4832
s6119,796
s6120,830
s6121,2228
s6122,2996
s6123,4805
s6124,2641
s6125,3863
s6126,3863
s6128,1604
s6129,4705
s6130,470
s6131,2827
s6132,2497
s6134,795
s6135,3063
s6136,4080
s6137,647
s6139,513
s6140,4245
s6141,2927
s6142,4876
s6143,4144
s6144,4682
s6145,292
s6146,3337
s6148,2951
s6149,2044
s6150,455
s6151,2385
s6152,1215
s6153,3628
s6153,4309
s6154,2600
s6155,2600
s6156,4834
s6158,3581
s6159,1814
s6159,1706
s6160,486
s6161,735
s6163,4605
s6164,2745
s6165,3608
s6166,3489
s6169,4326
s6170,3548
s6171,2304
s6172,3620
s6173,4266
s6174,355
s6176,2448
s6177,2821
s6179,1122
s6179,874
s6180,1834
s6180,2272
s6181,1588
s6182,867
s6182,1445
s6183,884
s6184,2495
s6185,3320
s6186,1935
s6187,4139
s6188,2139
s6189,1879
s6190,2163
s6191,4465
s6192,3170
s6193,1933
s6194,3046
s6196,1112
s6196,1851
s6197,1369
s6197,476
s6198,3173
s6200,1479
s6201,385
s6201,2109
s6202,2669
s6203,378
s6204,112
s6205,4981
s6206,157
s6207,4269
s6208,2285
s6209,59
s6210,1056
s6211,3102
s6212,3056
s6213,3056
s6215,1073
s6216,4065
s6218,4461
s6218,4468
s6219,2355
s6221,4309
s6222,3631
s6223,3631
s6224,1646
s6225,707
s6226,4969
s6227,14
s6227,62
s6228,4531
s6230,2831
s6231,76
s6232,2244
s6233,3737
s6234,3004
s6235,2584
s6236,71
s6237,4961
s6238,2391
s6239,323
s6239,3079
s6240,4873
s6241,1363
s6242,930
s6243,1363
s6244,930
s6244,1363
s6244,3079
s6245,2578
s6246,1347
s6247,3750
s6248,1137
s6249,3557
s6252,1051
s6255,1753
s6256,4056
s6257,2679
s6258,2277
s6260,4827
s6260,344
s6261,3037
s6267,3165
s6268,693
s6269,90
s6269,2498
s6270,2495
s6271,2314
s6272,67
s6273,1420
s6274,2437
s6275,2414
s6278,3741
s6279,388
s6281,414
s6283,60
s6284,2093
s6285,2093
s6286,1649
s6288,4527
s6289,4553
s6290,1187
s6291,2496
s6293,4486
s6294,2798
s6297,3685
s6298,3746
s6299,3685
s6300,3760
s6301,1917
s6303,2119
s6304,1167
s6306,4255
s6307,4169
s6308,2404
s6309,3992
s6310,3334
s6311,4239
s6312,4382
s6313,4829
s6313,1003
s6314,1796
s6315,1494
s6315,4793
s6315,1575
s6315,3786
s6316,1297
s6317,2875
s6318,1655
s6320,3145
s6321,4473
s6322,2902
s6323,3874
s6325,2254
s6326,4024
s6327,2050
s6328,944
s6329,2939
s6330,1486
s6331,998
s6332,1351
s6333,558
s6334,1146
s6335,2335
s6337,1971
s6338,4554
s6339,24
s6340,4887
s6341,2667
s6343,2040
s6344,2656
s6345,1173
s6346,520
s6347,2036
s6349,1959
s6350,1295
s6351,3727
s6352,1482
s6352,4689
s6353,644
s6354,1540
s6354,322
s6355,714
s6355,862
s6356,193
s6357,2007
s6359,438
s6360,2378
s6363,1506
s6363,3998
s6364,1532
s6366,3864
s6367,242
s6368,860
s6370,3069
s6371,4186
s6372,760
s6373,2089
s6375,4349
s6376,4299
s6377,3827
s6378,3905
s6380,390
s6381,2721
s6383,4825
s6384,4825
s6385,4825
s6387,3175
s6388,294
s6389,1108
s6391,4391
s6392,2208
s6393,2630
s6395,748
s6395,2231
s6396,1015
s6397,1034
s6398,4698
s6400,346
s6401,3403
s6403,456
s6404,2777
s6406,3212
s6407,3212
s6409,734
s6410,4168
s6411,2692
s6413,3607
s6415,1689
s6415,1150
s6416,574
s6418,2358
s6419,3395
s6420,2913
s6422,820
s6423,4630
s6424,661
s6425,4974
s6425,1118
s6426,2984
s6428,2936
s6429,4883
s6430,4883
s6432,3842
s6433,4229
s6434,630
s6435,10
s6435,3099
s6436,1719
s6437,4277
s6438,3325
s6439,1686
s6440,18
s6441,1076
s6442,4732
s6443,431
s6444,1192
s6445,1500
s6446,2134
s6447,4606
s6448,3029
s6449,783
s6449,1822
s6450,1076
s6451,2493
s6453,4883
s6453,1925
s6454,2173
s6455,1636
s6459,634
s6462,4297
s6462,458
s6463,458
s6463,4291
s6464,4291
s6464,458
s6465,3746
s6465,602
s6466,406
s6467,2900
s6468,3374
s6469,4652
s6471,4529
s6472,2744
s6473,535
s6474,2452
s6475,465
s6476,319
s6477,935
s6479,2893
s6480,1518
s6481,2108
s6482,2840
s6483,1815
s6485,3210
s6486,1753
s6487,3559
s6489,1411
s6489,2418
s6490,3583
s6492,3339
s6493,2717
s6494,1617
s6495,1328
s6497,1841
s6498,1451
s6500,851
s6501,2133
s6502,2680
s6502,2592
s6502,4661
s6503,3428
s6504,2985
s6511,4587
s6512,2656
s6513,4818
s6516,4157
s6517,1424
s6518,2466
s6519,4954
s6522,3916
s6523,3760
s6524,948
s6526,2048
s6526,4504
s6527,4354
s6528,4754
s6529,1529
s6530,3462
s6531,3760
s6532,25
s6534,4435
s6535,2211
s6536,554
s6537,1724
s6538,1919
s6540,3049
s6540,1495
s6541,3539
s6542,2546
s6544,341
s6545,1217
s6546,4952
s6547,776
s6548,1696
s6549,1507
s6551,4398
s6552,251
s6553,3476
s6554,2194
s6555,3723
s6556,1973
s6558,2005
s6559,3637
s6562,646
s6563,3965
s6565,91
s6566,199
s6567,1568
s6568,3680
s6570,3509
s6571,2317
s6574,266
s6575,1244
s6575,527
s6576,3376
s6576,1856
s6577,4645
s6578,4535
s6579,1039
s6580,1160
s6581,4532
s6582,767
s6583,1930
s6584,3309
s6585,1685
s6586,912
s6589,340
s6590,2449
s6590,434
s6591,1168
s6592,724
s6593,871
s6594,4554
s6595,1469
s6596,4082
s6597,3199
s6598,895
s6599,3075
s6600,4040
s6601,913
s6603,4461
s6603,4468
s6605,1794
s6606,1680
s6607,550
s6609,570
s6610,2641
s6611,2568
s6613,1957
s6615,814
s6616,4634
s6617,560
s6618,3312
s6620,1100
s6621,3547
s6622,3635
s6623,786
s6624,661
s6625,2788
s6625,478
s6625,4864
s6625,1065
s6625,1052
s6625,4897
s6625,144
s6625,2218
s6625,1235
s6625,642
s6626,1913
s6627,4714
s6628,4582
s6629,4582
s6630,4582
s6631,728
s6632,1008
s6633,3152
s6634,3169
s6635,326
s6637,4883
s6638,2166
s6639,2767
s6640,614
s6641,4173
s6641,4908
s6642,3888
s6643,927
s6644,1226
s6645,3528
s6646,3746
s6648,1605
s6649,4710
s6650,3810
s6654,88
s6655,1266
s6656,4713
s6657,1303
s6658,1053
s6662,380
s6663,4860
s6665,4029
s6666,686
s6667,115
s6668,1679
s6669,4461
s6669,4468
s6670,4351
s6671,3638
s6676,3009
s6678,2359
s6680,1388
s6681,530
s6682,2130
s6683,4191
s6684,1365
s6684,1764
s6685,1764
s6685,1365
s6686,3363
s6687,2215
s6688,3119
s6689,3881
s6690,3311
s6692,2513
s6693,1603
s6695,114
s6697,1062
s6699,1163
s6700,2025
s6701,1923
s6702,3912
s6703,1230
s6704,2573
s6705,4880
s6706,155
s6707,2851
s6709,4751
s6711,4658
s6712,3558
s6713,3941
s6714,443
s6716,1818
s6717,174
s6719,1880
s6720,4432
s6721,290
s6721,2894
s6721,2535
s6721,3412
s6722,3124
s6723,326
s6724,2261
s6726,1649
s6727,1649
s6728,1649
s6730,567
s6731,2989
s6734,4117
s6735,860
s6736,1617
s6737,4195
s6737,2564
s6738,1676
s6739,2440
s6740,3262
s6741,4222
s6744,4567
s6746,3611
s6747,3391
s6748,607
s6749,2752
s6750,421
s6752,4686
s6753,346
s6754,1896
s6755,1120
s6756,1896
s6757,1563
s6758,4042
s6759,437
s6760,4414
s6761,3368
s6762,2441
s6763,318
s6765,1558
s6766,804
s6768,2839
s6769,2496
s6770,1616
s6772,2381
s6772,4233
s6773,459
s6776,2300
s6777,4723
s6778,2903
s6778,2486
s6779,1145
s6780,2911
s6781,3861
s6782,2093
s6784,2197
s6784,51
s6785,1464
s6787,2740
s6788,3023
s6790,2634
s6791,4215
s6793,3169
s6794,1617
s6795,3376
s6797,4715
s6798,1078
s6799,4310
s6800,2843
s6801,4096
s6802,4833
s6802,2049
s6803,2307
s6805,2863
s6806,4308
s6808,2791
s6809,3653
s6810,1709
s6811,146
s6814,942
s6815,4183
s6816,619
s6817,2625
s6818,53
s6819,1752
s6820,1398
s6822,3563
s6824,2731
s6827,2943
s6829,1783
s6830,4015
s6831,1739
s6832,2812
s6833,3463
s6838,1089
s6839,1640
s6840,3329
s6841,895
s6843,3608
s6844,1127
s6845,3750
s6846,3836
s6847,2425
s6847,2957
s6848,2922
s6849,2425
s6851,2425
s6852,3506
s6853,3881
s6854,4807
s6854,790
s6855,4066
s6856,4849
s6857,657
s6859,1683
s6860,1980
s6860,4635
s6861,1590
s6862,1683
s6863,3095
s6864,1439
s6865,1753
s6866,4524
s6867,2936
s6868,4090
s6870,1819
s6871,3976
s6873,2907
s6874,3316
s6875,846
s6876,317
s6877,4848
s6878,4539
s6879,1542
s6880,1720
s6881,2943
s6882,2351
s6883,3070
s6884,422
s6885,3907
s6887,2970
s6888,285
s6889,917
s6892,1794
s6893,4533
s6894,3775
s6897,2040
s6898,19
s6899,3274
s6900,1321
s6901,360
s6903,1897
s6904,1347
s6905,4212
s6906,4212
s6909,217
s6910,67
s6911,4272
s6911,2808
s6911,1732
s6911,4691
s6911,4674
s6911,2537
s6911,4914
s6911,970
s6911,1454
s6911,2540
s6911,2258
s6911,1740
s6912,1775
s6913,4150
s6914,2150
s6915,126
s6916,2192
s6917,2091
s6919,4614
s6921,2096
s6921,2713
s6922,2743
s6925,3926
s6925,3291
s6926,1790
s6928,2203
s6928,1705
s6929,1040
s6930,1023
s6932,3992
s6933,93
s6934,3988
s6935,2348
s6935,3000
s6937,1076
s6939,2213
s6940,643
s6941,1250
s6943,300
s6944,4420
s6945,1139
s6946,3696
s6947,1284
s6948,276
s6949,2445
s6950,1110
s6951,857
s6953,1758
s6955,4650
s6955,4000
s6957,1106
s6958,1628
s6959,4346
s6960,863
s6961,3669
s6962,3949
s6963,937
s6965,4619
s6967,4253
s6968,2696
s6969,4165
s6973,2733
s6974,2017
s6976,4819
s6978,339
s6979,1012
s6980,997
s6981,457
s6983,217
s6983,763
s6984,3307
s6985,386
s6985,3327
s6985,56
s6985,1514
s6985,2493
s6985,4134
s6985,4177
s6985,2479
s6985,1171
s6986,4854
s6987,3393
s6988,3393
s6989,3757
s6990,354
s6991,596
s6992,596
s6993,3154
s6994,4449
s6995,1840
s6996,682
s6998,194
s7000,494
s7001,2947
s7002,1388
s7003,4164
s7004,3104
s7005,3017
s7006,124
s7008,1911
s7009,1537
s7010,2924
s7011,4112
s7012,4966
s7013,4657
s7014,3989
s7015,2456
s7016,2691
s7017,2046
s7019,2087
s7020,721
s7021,249
s7022,4077
s7022,1456
s7023,4335
s7024,3726
s7026,1232
s7027,2463
s7028,2232
s7031,2981
s7032,2981
s7033,944
s7035,1484
s7036,3440
s7037,565
s7037,1481
s7038,2953
s7039,2614
s7041,1401
s7042,68
s7043,3997
s7044,898
s7045,1229
s7046,2869
s7047,3046
s7048,2455
s7049,652
s7050,4407
s7052,653
s7053,2620
s7054,4049
s7056,4683
s7057,1950
s7058,2394
s7059,4837
s7061,4543
s7062,2125
s7063,492
s7064,1330
s7065,4459
s7066,2221
s7067,1282
s7068,628
s7069,4121
s7071,4421
s7072,4421
s7073,4421
s7074,4421
s7075,2178
s7076,1845
s7077,2724
s7078,3694
s7079,1771
s7080,2367
s7085,1352
s7087,3078
s7088,3519
s7089,4690
s7090,4690
s7091,4690
s7092,917
s7093,787
s7094,2182
s7095,3261
s7096,2430
s7097,1847
s7098,2654
s7100,4748
s7103,2823
s7104,339
s7105,1814
s7106,2871
s7107,1665
s7108,4959
s7109,4935
s7110,4274
s7111,2968
s7111,4438
s7112,1692
s7112,4437
s7113,4434
s7114,3694
s7115,1241
s7116,2777
s7118,1574
s7119,3362
s7120,496
s7122,2493
s7123,1911
s7125,4826
s7127,917
s7128,1559
s7129,716
s7131,2092
s7133,1087
s7134,3714
s7135,2138
s7136,445
s7137,321
s7138,94
s7140,593
s7141,4627
s7142,252
s7145,1076
s7146,2174
s7147,4481
s7148,3384
s7150,4064
s7151,3627
s7152,2592
s7152,2680
s7153,3968
s7154,2188
s7155,2207
s7157,2416
s7159,4116
s7160,2547
s7161,4621
s7162,2064
s7163,3465
s7164,710
s7165,3963
s7165,1533
s7165,3532
s7165,2082
s7165,3207
s7165,4669
s7165,3366
s7165,594
s7165,2084
s7165,3115
s7166,3660
s7167,4017
s7168,1189
s7170,4150
s7171,1881
s7172,4058
s7173,241
s7174,4809
s7175,777
s7176,2449
s7177,2449
s7179,2660
s7179,4613
s7180,2660
s7180,4613
s7181,4239
s7182,2711
s7184,4441
s7187,1193
s7189,1753
s7190,4475
s7190,4466
s7191,4450
s7192,1204
s7193,2179
s7194,3376
s7195,3551
s7196,998
s7198,3694
s7199,3694
s7200,4416
s7201,1474
s7202,3553
s7203,2226
s7204,4379
s7205,3919
s7206,468
s7207,3540
s7208,1395
s7209,2004
s7210,4400
s7211,3589
s7211,620
s7212,1164
s7213,20
s7213,2961
s7214,1508
s7217,4886
s7219,1275
s7220,1450
s7220,2250
s7221,183
s7222,2234
s7224,2081
s7224,1344
s7225,1629
s7226,1670
s7228,3240
s7228,4602
s7229,3240
s7229,4602
s7230,4602
s7231,4602
s7232,4602
s7234,3240
s7234,4602
s7235,4704
s7237,3415
s7238,4871
s7239,3814
s7240,4380
s7241,331
s7242,4608
s7243,4362
s7244,4474
s7245,3334
s7247,4945
s7248,2568
s7249,1184
s7250,4098
s7251,2627
s7251,3353
s7252,1014
s7252,4508
s7253,2747
s7254,1578
s7259,159
s7260,4496
s7261,4339
s7262,849
s7263,2765
s7266,2787
s7268,3699
s7270,1858
s7271,2424
s7272,2960
s7273,978
s7273,1422
s7274,1305
s7275,282
s7276,4004
s7277,3991
s7278,3991
s7279,3991
s7281,503
s7282,4770
s7283,4953
s7284,4903
s7285,814
s7287,4177
s7289,323
s7289,4389
s7290,289
s7290,4428
s7293,2887
s7294,3512
s7294,4329
s7294,1077
s7295,2149
s7296,3443
s7297,2009
s7299,1985
s7300,3988
s7303,2356
s7304,2188
s7305,2488
s7306,204
s7307,788
s7309,4421
s7310,2397
s7311,1289
s7312,1756
s7314,4604
s7315,3946
s7316,1799
s7317,4397
s7318,3670
s7320,3670
s7321,4950
s7323,3338
s7324,4850
s7327,1639
s7328,4417
s7329,1883
s7329,4411
s7330,1413
s7330,2287
s7331,3051
s7333,4358
s7334,1861
s7335,2012
s7335,3332
s7336,4505
s7337,1134
s7338,3496
s7340,1787
s7341,166
s7342,4138
s7345,798
s7346,3491
s7347,4039
s7348,4380
s7351,4415
s7352,96
s7353,4348
s7355,868
s7356,237
s7357,2412
s7358,2188
s7359,278
s7361,3713
s7361,4801
s7362,3663
s7363,4598
s7364,1961
s7365,3677
s7366,1243
s7367,1147
s7368,1548
s7370,723
s7370,2055
s7371,2073
s7372,899
s7373,3371
s7374,548
s7375,9
s7376,1785
s7378,2723
s7379,4582
s7380,563
s7381,243
s7385,2673
s7387,1076
s7388,4335
s7389,4095
s7390,3125
s7391,2429
s7392,547
s7394,4290
s7395,4547
s7396,1088
s7397,2183
s7398,4656
s7399,3108
s7400,3519
s7401,3717
s7402,3326
s7403,918
s7404,4414
s7406,3288
s7408,3686
s7411,814
s7412,1121
s7413,1064
s7414,1155
s7415,1318
s7416,2654
s7416,1326
s7417,1737
s7418,3891
s7420,4261
s7421,4729
s7422,3470
s7423,4444
s7423,469
s7424,1020
s7425,3636
s7426,1700
s7426,4223
s7427,615
s7427,3882
s7428,4104
s7429,4049
s7430,2060
s7431,3289
s7432,2943
s7433,3185
s7434,1839
s7435,3531
s7435,2916
s7438,603
s7440,617
s7441,4271
s7442,1908
s7442,909
s7443,524
s7444,524
s7445,2129
s7446,1498
s7449,4638
s7451,4128
s7452,584
s7453,4398
s7455,1992
s7457,1637
s7459,352
s7461,1530
s7462,4544
s7463,3755
s7465,2435
s7466,2699
s7467,2461
s7468,2022
s7470,516
s7471,2309
s7472,1080
s7473,1068
s7474,3452
s7475,363
s7475,4026
s7476,3239
s7477,4556
s7478,4874
s7479,2570
s7480,15
s7482,3169
s7483,2942
s7485,655
s7487,3935
s7488,98
s7489,1744
s7490,4410
s7491,4873
s7492,4392
s7492,305
s7493,4873
s7493,4500
s7494,1240
s7495,4775
s7495,209
s7496,4873
s7497,3159
s7497,4410
s7498,4873
s7499,984
s7499,4873
s7500,473
s7500,1326
s7501,1240
s7501,305
s7501,473
s7502,1240
s7502,4410
s7504,3919
s7505,3705
s7507,1236
s7508,522
s7509,389
s7510,1899
s7511,765
s7512,3096
s7513,482
s7514,4453
s7515,2020
s7516,3589
s7516,4861
s7516,4398
s7516,1622
s7516,4397
s7516,1872
s7516,2236
s7516,1281
s7516,3527
s7516,655
s7516,4021
s7516,1875
s7517,685
s7518,4397
s7519,4668
s7520,377
s7521,947
s7523,4835
s7524,1992
s7525,1076
s7526,197
s7526,571
s7527,1868
s7528,2040
s7531,2670
s7531,744
s7532,690
s7533,3440
s7534,4844
s7535,1814
s7536,1049
s7537,3292
s7538,167
s7540,907
s7542,1813
s7542,1965
s7543,1965
s7543,1813
s7544,4849
s7545,4316
s7545,4883
s7546,2136
s7547,3335
s7549,466
s7550,4300
s7551,3194
s7553,4046
s7554,1913
s7555,2550
s7555,1419
s7556,1166
s7557,540
s7557,1539
s7558,3669
s7559,1712
s7560,2957
s7561,3282
s7562,4330
s7563,1535
s7564,1605
s7565,2216
s7566,2787
s7567,3981
s7567,549
s7568,766
s7576,1551
s7578,3473
s7579,2274
s7580,1165
s7581,2508
s7582,2641
s7583,440
s7584,2243
s7585,2446
s7586,985
s7588,1541
s7591,340
s7592,3352
s7593,4165
s7595,374
s7596,4609
s7597,3848
s7597,4609
s7599,2505
s7599,1848
s7601,4019
s7602,2938
s7603,1577
s7604,4136
s7605,4565
s7606,1225
s7607,2938
s7608,3590
s7609,1594
s7610,3560
s7610,2530
s7612,3422
s7613,3422
s7614,2702
s7615,1017
s7616,3618
s7617,4660
s7618,3380
s7618,3695
s7619,1493
s7620,4047
s7621,2657
s7622,3605
s7623,4086
s7626,992
s7626,4742
s7627,1309
s7631,2604
s7632,2604
s7634,2963
s7635,1570
s7636,1850
s7636,1849
s7637,2756
s7638,2670
s7639,4420
s7640,4420
s7642,3257
s7643,4254
s7644,3659
s7645,3659
s7646,3659
s7648,513
s7649,3421
s7651,3199
s7652,905
s7653,1713
s7654,3665
s7655,2975
s7656,793
s7657,793
s7658,2975
s7659,4305
s7660,4210
s7661,511
s7662,3223
s7664,4611
s7665,3377
s7666,1918
s7668,3349
s7669,592
s7669,3122
s7670,3963
s7670,2066
s7671,2143
s7673,1041
s7674,4603
s7677,1041
s7678,2704
s7679,813
s7681,2522
s7682,542
s7683,1963
s7684,2901
s7684,314
s7685,386
s7687,50
s7687,2754
s7688,3552
s7689,2568
s7691,3853
s7692,778
s7693,2246
s7695,3658
s7696,788
s7697,255
s7698,179
s7700,939
s7701,1409
s7702,1083
s7703,582
s7704,3799
s7705,3444
s7707,4441
s7708,1491
s7709,2011
s7712,2476
s7713,3357
s7714,2036
s7715,3642
s7716,2587
s7717,4398
s7718,1202
s7720,3498
s7721,511
s7723,3546
s7723,4846
s7724,3208
s7725,2915
s7727,1832
s7728,717
s7729,1873
s7731,3428
s7732,4685
s7733,4860
s7734,2387
s7735,1972
s7735,135
s7736,2223
s7737,113
s7737,2567
s7738,511
s7738,3569
s7738,4328
s7738,3503
s7738,4821
s7739,2570
s7740,37
s7741,993
s7741,1216
s7742,892
s7743,1494
s7744,3449
s7744,4345
s7744,3847
s7744,3858
s7745,2787
s7746,1815
s7746,696
s7747,879
s7749,146
s7750,4077
s7751,3804
s7752,3421
s7753,1015
s7753,2263
s7754,1977
s7755,4879
s7756,3907
s7758,1480
s7759,4404
s7779,791
s7779,2538
s7789,1867
s7790,447
s7791,1450
s7792,4152
s7793,829
s7793,2264
s7793,1614
s7794,1617
s7795,4883
s7796,585
s7797,4381
s7798,892
s7800,520
s7802,3750
s7803,3694
s7804,405
s7805,2746
s7806,2757
s7808,3121
s7810,2840
s7812,4850
s7815,3844
s7817,336
s7818,2223
s7819,3781
s7820,1678
s7821,2943
s7822,2820
s7823,2033
s7823,4612
s7824,1205
s7825,1187
s7826,532
s7827,3625
s7827,3835
s7828,3727
s7830,1322
s7831,4115
s7832,2515
s7833,1573
s7834,258
s7835,3223
s7837,1765
s7838,340
s7840,3328
s7842,3084
s7844,943
s7845,2161
s7846,264
s7847,2884
s7849,915
s7849,2659
s7850,3199
s7852,334
s7853,4231
s7854,465
s7855,234
s7856,2915
s7858,3558
s7859,3822
s7860,2689
s7860,66
s7861,814
s7862,4784
s7864,311
s7864,313
s7865,1910
s7865,1860
s7866,4080
s7867,1407
s7869,2196
s7870,2799
s7872,1181
s7872,2753
s7874,449
s7875,260
s7876,1812
s7877,3649
s7878,3330
s7880,2142
s7881,4502
s7882,4502
s7883,4502
s7884,2142
s7885,1478
s7886,4096
s7887,3272
s7888,3190
s7889,3294
s7890,2653
s7891,2993
s7892,3015
s7892,1910
s7894,4289
s7895,3984
s7896,2135
s7899,461
s7900,3699
s7901,4362
s7902,3895
s7903,1983
s7904,1502
s7905,1096
s7906,860
s7908,3935
s7910,1054
s7911,1186
s7912,177
s7913,906
s7914,3761
s7915,1563
s7916,1650
s7917,3112
s7918,510
s7919,1267
s7920,2526
s7920,3482
s7921,928
s7922,3677
s7923,3262
s7924,4120
s7925,3196
s7926,3504
s7927,2364
s7928,268
s7929,688
s7929,1485
s7930,355
s7931,2149
s7932,3742
s7933,3727
s7934,1583
s7935,2723
s7936,1568
s7937,3974
s7938,3974
s7939,1494
s7940,4764
s7941,2380
s7942,4749
s7944,78
s7945,3732
s7946,980
s7947,2055
s7948,2791
s7950,2154
s7951,2001
s7952,2762
s7953,2468
s7955,1207
s7956,2432
s7957,2802
s7958,4421
s7959,4347
s7960,1738
s7960,2426
s7960,2074
s7961,1253
s7962,4851
s7963,4851
s7964,2179
s7965,4424
s7966,2803
s7967,1213
s7968,1951
s7970,600
s7971,2403
s7972,4482
s7973,4085
s7974,2403
s7975,4772
s7976,4482
s7977,4085
s7978,4772
s7979,4772
s7979,1499
s7980,2720
s7981,3462
s7982,455
s7984,2458
s7986,3163
s7987,3100
s7988,3100
s7989,4503
s7990,400
s7991,3016
s7993,4444
s7995,2552
s7996,1193
s7997,1635
s7998,1727
s7999,1120
s8000,4091
s8002,3250
s8002,608
s8004,1639
s8005,3760
s8006,3793
s8007,74
s8007,3840
s8008,3840
s8009,2078
s8009,3672
s8010,1179
s8011,3930
s8012,519
s8013,72
s8014,511
s8014,3503
s8015,1366
s8015,399
s8017,4824
s8018,4619
s8019,2766
s8020,1920
s8024,351
s8025,3715
s8026,3917
s8027,1223
s8028,1615
s8029,936
s8030,1269
s8033,3819
s8034,3880
s8035,1470
s8036,926
s8036,1611
s8037,2662
s8038,2104
s8039,597
s8040,3642
s8042,2157
s8043,2094
s8044,3378
s8046,189
s8047,1465
s8048,1792
s8049,2227
s8050,1671
s8051,206
s8052,3989
s8053,3989
s8054,3082
s8055,1776
s8056,3271
s8057,2330
s8058,1999
s8060,4186
s8061,1060
s8061,3217
s8062,2046
s8062,3824
s8064,4081
s8066,986
s8067,2921
s8068,4083
s8069,3606
s8069,3953
s8069,618
s8070,1080
s8070,383
s8072,4654
s8073,1681
s8074,4429
s8075,3930
s8076,3930
s8077,3930
s8078,1946
s8079,1047
s8080,893
s8081,45
s8082,227
s8083,3827
s8085,1106
s8087,3410
s8087,1092
s8088,61
s8089,4835
s8090,123
s8091,426
s8091,3211
s8092,799
s8092,2836
s8092,4537
s8092,3659
s8093,2205
s8096,627
s8097,176
s8099,3724
s8100,1891
s8101,4002
s8102,2840
s8104,534
s8105,1349
s8105,3809
s8106,1818
s8107,298
s8109,89
s8111,3894
s8112,1836
s8113,4369
s8114,800
s8115,4957
s8116,568
s8117,4154
s8119,2259
s8120,2405
s8121,3508
s8123,4460
s8124,2489
s8125,1794
s8127,1607
s8128,1591
s8129,700
s8131,689
s8132,346
s8134,2994
s8135,376
s8135,192
s8136,2991
s8137,532
s8139,4606
s8140,1901
s8141,989
s8141,1027
s8142,1176
s8143,804
s8145,4441
s8146,4129
s8147,3070
s8150,3298
s8151,2324
s8152,834
s8152,2481
s8153,674
s8154,4096
s8155,4031
s8156,4331
s8157,2644
s8158,2132
s8159,2485
s8160,3105
s8161,4394
s8162,1376
s8163,1268
s8164,3281
s8165,2063
s8165,4973
s8165,826
s8165,3318
s8165,4882
s8167,2232
s8168,3029
s8169,4905
s8169,3103
s8170,976
s8171,4456
s8172,3685
s8173,1188
s8177,3285
s8177,49
s8178,3193
s8178,257
s8179,3005
s8180,3488
s8182,1538
s8184,3930
s8185,4421
s8186,1346
s8187,1981
s8188,3895
s8189,304
s8191,4595
s8191,2170
s8192,1162
s8192,750
s8193,4096
s8195,1389
s8196,2233
s8197,869
s8198,4840
s8199,329
s8201,2572
s8202,1291
s8203,2439
s8203,2718
s8204,2188
s8205,667
s8205,3287
s8206,2140
s8208,1348
s8211,4670
s8212,3978
s8213,3450
s8214,3641
s8215,146
s8216,2475
s8216,4320
s8216,1327
s8218,148
s8218,235
s8219,3430
s8220,339
s8221,3852
s8222,4868
s8223,2906
s8224,3308
s8225,2453
s8226,3386
s8227,3620
s8228,2570
s8229,4567
s8230,3895
s8231,1765
s8233,4355
s8234,1593
s8234,3502
s8235,3408
s8236,705
s8237,465
s8238,1292
s8239,4187
s8240,2202
s8241,4540
s8242,2570
s8243,950
s8245,2783
s8246,396
s8247,1117
s8248,2176
s8249,3059
s8250,3391
s8252,2185
s8253,1694
s8254,616
s8255,420
s8256,268
s8257,306
s8259,2527
s8259,856
s8260,183
s8261,2867
s8262,3308
s8264,1916
s8264,315
s8265,4151
s8266,1783
s8267,1455
s8267,2070
s8268,4542
s8270,4307
s8271,3602
s8271,2269
s8273,2943
s8274,759
s8274,4752
s8275,609
s8276,4870
s8277,4868
s8279,4374
s8279,2041
s8280,230
s8281,3881
s8282,579
s8284,2503
s8285,1949
s8286,3909
s8287,3530
s8289,1886
s8290,2349
s8290,13
s8291,4083
s8292,1102
s8293,3348
s8294,3110
s8295,1128
s8296,2028
s8297,1114
s8298,2570
s8299,1120
s8300,922
s8300,2184
s8301,3961
s8302,1762
s8303,2924
s8304,804
s8305,666
s8306,666
s8307,3042
s8308,3894
s8309,3603
s8310,2936
s8311,3418
s8313,2154
s8314,4625
s8315,4178
s8318,3320
s8319,2888
s8320,921
s8321,1083
s8323,1224
s8323,4925
s8324,3549
s8325,2407
s8326,3302
s8327,1064
s8328,1064
s8329,1064
s8330,1064
s8333,4227
s8334,2135
s8336,3128
s8338,3077
s8339,3140
s8340,3479
s8341,3022
s8342,4546
s8343,764
s8344,4968
s8345,2897
s8345,2615
s8345,4137
s8345,4028
s8345,4306
s8345,4758
s8345,4221
s8345,2034
s8346,1588
s8347,3393
s8349,974
s8351,4014
s8352,3899
s8353,2606
s8355,3888
s8356,4826
s8357,4567
s8359,1803
s8360,3633
s8360,2363
s8360,245
s8361,628
s8362,1455
s8363,4420
s8364,1400
s8364,2379
s8365,1400
s8365,3343
s8366,3872
s8366,3002
s8368,2402
s8370,3645
s8371,561
s8371,3346
s8373,3944
s8375,3881
s8376,2393
s8378,4653
s8381,153
s8382,4617
s8383,3655
s8384,1569
s8385,1028
s8386,4189
s8387,3961
s8388,2898
s8389,1170
s8389,2390
s8390,3898
s8391,3611
s8392,2821
s8394,1985
s8395,611
s8395,832
s8396,2914
s8397,1425
s8399,4928
s8400,670
s8401,1955
s8402,3906
s8403,1463
s8404,2279
s8405,3597
s8406,3597
s8407,2859
s8408,3911
s8408,3996
s8409,4357
s8410,2193
s8411,3933
s8413,2160
s8413,2276
s8414,2936
s8415,2680
s8415,2592
s8416,2680
s8416,2592
s8417,2680
s8417,2592
s8418,2449
s8418,886
s8418,1333
s8419,3500
s8420,4875
s8421,1596
s8426,2780
s8427,697
s8428,2128
s8431,1868
s8433,3106
s8434,1137
s8435,1137
s8436,523
s8437,4433
s8439,743
s8441,4363
s8441,1208
s8442,2606
s8442,2097
s8444,794
s8445,4849
s8446,61
s8447,2137
s8448,539
s8449,3184
s8450,138
s8451,1976
s8452,4378
s8453,2117
s8454,3638
s8455,4255
s8456,3577
s8457,698
s8458,3599
s8458,1991
s8459,1173
s8460,2433
s8461,95
s8462,3936
s8463,3776
s8463,3921
s8464,771
s8465,658
s8466,2933
s8467,3987
s8467,2164
s8468,3255
s8469,2165
s8470,1489
s8471,1597
s8471,669
s8473,3881
s8474,1438
s8476,3189
s8478,2472
s8479,4226
s8480,1709
s8480,2873
s8480,2931
s8481,229
s8482,97
s8484,4393
s8485,1158
s8486,1642
s8487,1592
s8488,2705
s8489,3254
s8490,958
s8492,3535
s8493,870
s8494,1109
s8495,691
s8496,480
s8497,2554
s8498,4845
s8499,1455
s8500,1637
s8501,4377
s8502,852
s8503,4603
s8505,38
s8506,1562
s8507,1207
s8508,4869
s8508,4858
s8509,1803
s8510,4467
s8512,1083
s8513,3586
s8514,1886
s8515,2561
s8516,666
s8517,4588
s8518,2579
s8521,4418
s8522,940
s8523,4372
s8525,4862
s8525,923
s8526,4684
s8527,382
s8528,4626
s8529,3205
s8529,3198
s8530,2650
s8531,2629
s8532,4309
s8533,3931
s8535,645
s8535,1307
s8536,1095
s8537,3126
s8538,541
s8538,170
s8539,1069
s8541,2474
s8543,3919
s8544,3659
s8547,1975
s8547,2722
s8548,1340
s8549,2912
s8550,2449
s8550,2761
s8551,3453
s8551,4540
s8553,4020
s8554,1958
s8555,1451
s8556,820
s8557,3374
s8559,3915
s8560,2580
s8562,3310
s8563,1299
s8564,2619
s8565,3052
s8566,4780
s8567,1547
s8569,3591
s8570,4505
s8571,3613
s8572,4057
s8573,797
s8574,1126
s8577,1174
s8578,4878
s8579,3704
s8580,601
s8581,4512
s8582,4077
s8583,564
s8584,4387
s8585,2188
s8586,3196
s8587,2242
s8588,4875
s8588,2180
s8590,2672
s8591,77
s8592,4095
s8595,4403
s8596,4333
s8598,1262
s8598,1421
s8598,17
s8599,537
s8600,3064
s8602,2583
s8603,3629
s8604,3970
s8607,704
s8608,2871
s8609,4842
s8611,1000
s8612,2777
s8613,4457
s8614,4113
s8615,1037
s8616,2002
s8617,4838
s8618,4382
s8619,3841
s8620,4074
s8621,2210
s8621,631
s8622,3993
s8623,4038
s8624,650
s8625,4038
s8626,1218
s8627,1218
s8628,69
s8629,4290
s8630,3238
s8631,2077
s8632,3331
s8633,4250
s8633,876
s8635,4560
s8636,1721
s8637,3683
s8638,1957
s8639,1274
s8640,777
s8641,1450
s8641,2149
s8641,1761
s8641,4005
s8641,387
s8642,1130
s8643,2493
s8644,1734
s8646,711
s8649,1520
s8650,2513
s8651,4479
s8651,4365
s8652,1892
s8653,404
s8655,559
s8656,3536
s8657,3097
s8658,835
s8659,2224
s8660,1332
s8661,2140
s8662,3530
s8663,4119
s8664,4267
s8665,1931
s8666,3664
s8667,3196
s8668,2891
s8669,1884
s8671,3583
s8672,3760
s8673,451
s8674,246
s8675,1633
s8676,637
s8677,1097
s8678,1693
s8679,1512
s8681,3464
s8682,1496
s8683,4948
s8684,2574
s8686,1248
s8687,589
s8688,3495
s8689,401
s8690,3892
s8692,3944
s8693,2842
s8693,3018
s8694,186
s8694,308
s8695,3634
s8696,1379
s8697,4421
s8698,2159
s8699,1642
s8700,1842
s8702,2885
s8703,4599
s8704,3014
s8705,860
s8706,1125
s8707,2032
s8708,1605
s8709,153
s8710,393
s8712,811
s8714,446
s8715,4383
s8715,3435
s8715,2337
s8716,28
s8717,4702
s8718,4357
s8719,3074
s8720,1759
s8723,3936
s8724,3802
s8725,2270
s8726,4015
s8726,3881
s8728,3884
s8728,4563
s8729,1710
s8729,2967
s8730,2865
s8731,4180
s8732,3376
s8733,3545
s8734,565
s8735,1234
s8736,2943
s8738,3181
s8738,224
s8739,1190
s8740,1450
s8740,287
s8743,524
s8744,3533
s8745,3220
s8746,3038
s8747,3513
s8749,2137
s8751,1151
s8752,4949
s8753,4575
s8754,80
s8755,525
s8757,513
s8758,3421
s8760,4430
s8761,1090
s8762,4910
s8763,3177
s8764,2149
s8765,2622
s8766,2292
s8766,371
s8766,4003
s8766,2402
s8767,3888
s8768,2641
s8769,206
s8770,3252
s8771,4441
s8772,2562
s8773,4114
s8774,2430
s8775,42
s8777,866
s8778,4140
s8779,4140
s8780,2524
s8782,2918
s8783,2493
s8787,1869
s8788,2461
s8789,1821
s8790,756
s8791,1167
s8792,1931
s8793,3232
s8794,3736
s8795,3195
s8799,775
s8800,482
s8802,2797
s8803,1083
s8805,4010
s8806,3593
s8807,3230
